row,col,value
0,0,1.000115e+00
1,1,1.000231e+00
2,2,1.000346e+00
3,3,1.000461e+00
4,4,1.000577e+00
5,5,1.000692e+00
6,6,1.000807e+00
7,7,1.000923e+00
8,8,1.001038e+00
9,9,1.001153e+00
10,10,1.001269e+00
11,11,1.001384e+00
12,12,1.001499e+00
13,13,1.001615e+00
14,14,1.001730e+00
15,15,1.001845e+00
16,16,1.001961e+00
17,17,1.002076e+00
18,18,1.002191e+00
19,19,1.002307e+00
20,20,1.002422e+00
21,21,1.002537e+00
22,22,1.002653e+00
23,23,1.002768e+00
24,24,1.002884e+00
25,25,1.002999e+00
26,26,1.003114e+00
27,27,1.003230e+00
28,28,1.003345e+00
29,29,1.003460e+00
30,30,1.003576e+00
31,31,1.003691e+00
32,32,1.003806e+00
33,33,1.003922e+00
34,34,1.004037e+00
35,35,1.004152e+00
36,36,1.004268e+00
37,37,1.004383e+00
38,38,1.004498e+00
39,39,1.004614e+00
40,40,1.004729e+00
41,41,1.004844e+00
42,42,1.004960e+00
43,43,1.005075e+00
44,44,1.005190e+00
45,45,1.005306e+00
46,46,1.005421e+00
47,47,1.005536e+00
48,48,1.005652e+00
49,49,1.005767e+00
50,50,1.000231e+00
51,51,1.000461e+00
52,52,1.000692e+00
53,53,1.000923e+00
54,54,1.001153e+00
55,55,1.001384e+00
56,56,1.001615e+00
57,57,1.001845e+00
58,58,1.002076e+00
59,59,1.002307e+00
60,60,1.002537e+00
61,61,1.002768e+00
62,62,1.002999e+00
63,63,1.003230e+00
64,64,1.003460e+00
65,65,1.003691e+00
66,66,1.003922e+00
67,67,1.004152e+00
68,68,1.004383e+00
69,69,1.004614e+00
70,70,1.004844e+00
71,71,1.005075e+00
72,72,1.005306e+00
73,73,1.005536e+00
74,74,1.005767e+00
75,75,1.005998e+00
76,76,1.006228e+00
77,77,1.006459e+00
78,78,1.006690e+00
79,79,1.006920e+00
80,80,1.007151e+00
81,81,1.007382e+00
82,82,1.007612e+00
83,83,1.007843e+00
84,84,1.008074e+00
85,85,1.008304e+00
86,86,1.008535e+00
87,87,1.008766e+00
88,88,1.008997e+00
89,89,1.009227e+00
90,90,1.009458e+00
91,91,1.009689e+00
92,92,1.009919e+00
93,93,1.010150e+00
94,94,1.010381e+00
95,95,1.010611e+00
96,96,1.010842e+00
97,97,1.011073e+00
98,98,1.011303e+00
99,99,1.011534e+00
100,100,1.000346e+00
101,101,1.000692e+00
102,102,1.001038e+00
103,103,1.001384e+00
104,104,1.001730e+00
105,105,1.002076e+00
106,106,1.002422e+00
107,107,1.002768e+00
108,108,1.003114e+00
109,109,1.003460e+00
110,110,1.003806e+00
111,111,1.004152e+00
112,112,1.004498e+00
113,113,1.004844e+00
114,114,1.005190e+00
115,115,1.005536e+00
116,116,1.005882e+00
117,117,1.006228e+00
118,118,1.006574e+00
119,119,1.006920e+00
120,120,1.007266e+00
121,121,1.007612e+00
122,122,1.007958e+00
123,123,1.008304e+00
124,124,1.008651e+00
125,125,1.008997e+00
126,126,1.009343e+00
127,127,1.009689e+00
128,128,1.010035e+00
129,129,1.010381e+00
130,130,1.010727e+00
131,131,1.011073e+00
132,132,1.011419e+00
133,133,1.011765e+00
134,134,1.012111e+00
135,135,1.012457e+00
136,136,1.012803e+00
137,137,1.013149e+00
138,138,1.013495e+00
139,139,1.013841e+00
140,140,1.014187e+00
141,141,1.014533e+00
142,142,1.014879e+00
143,143,1.015225e+00
144,144,1.015571e+00
145,145,1.015917e+00
146,146,1.016263e+00
147,147,1.016609e+00
148,148,1.016955e+00
149,149,1.017301e+00
150,150,1.000461e+00
151,151,1.000923e+00
152,152,1.001384e+00
153,153,1.001845e+00
154,154,1.002307e+00
155,155,1.002768e+00
156,156,1.003230e+00
157,157,1.003691e+00
158,158,1.004152e+00
159,159,1.004614e+00
160,160,1.005075e+00
161,161,1.005536e+00
162,162,1.005998e+00
163,163,1.006459e+00
164,164,1.006920e+00
165,165,1.007382e+00
166,166,1.007843e+00
167,167,1.008304e+00
168,168,1.008766e+00
169,169,1.009227e+00
170,170,1.009689e+00
171,171,1.010150e+00
172,172,1.010611e+00
173,173,1.011073e+00
174,174,1.011534e+00
175,175,1.011995e+00
176,176,1.012457e+00
177,177,1.012918e+00
178,178,1.013379e+00
179,179,1.013841e+00
180,180,1.014302e+00
181,181,1.014764e+00
182,182,1.015225e+00
183,183,1.015686e+00
184,184,1.016148e+00
185,185,1.016609e+00
186,186,1.017070e+00
187,187,1.017532e+00
188,188,1.017993e+00
189,189,1.018454e+00
190,190,1.018916e+00
191,191,1.019377e+00
192,192,1.019839e+00
193,193,1.020300e+00
194,194,1.020761e+00
195,195,1.021223e+00
196,196,1.021684e+00
197,197,1.022145e+00
198,198,1.022607e+00
199,199,1.023068e+00
200,200,1.000577e+00
201,201,1.001153e+00
202,202,1.001730e+00
203,203,1.002307e+00
204,204,1.002884e+00
205,205,1.003460e+00
206,206,1.004037e+00
207,207,1.004614e+00
208,208,1.005190e+00
209,209,1.005767e+00
210,210,1.006344e+00
211,211,1.006920e+00
212,212,1.007497e+00
213,213,1.008074e+00
214,214,1.008651e+00
215,215,1.009227e+00
216,216,1.009804e+00
217,217,1.010381e+00
218,218,1.010957e+00
219,219,1.011534e+00
220,220,1.012111e+00
221,221,1.012687e+00
222,222,1.013264e+00
223,223,1.013841e+00
224,224,1.014418e+00
225,225,1.014994e+00
226,226,1.015571e+00
227,227,1.016148e+00
228,228,1.016724e+00
229,229,1.017301e+00
230,230,1.017878e+00
231,231,1.018454e+00
232,232,1.019031e+00
233,233,1.019608e+00
234,234,1.020185e+00
235,235,1.020761e+00
236,236,1.021338e+00
237,237,1.021915e+00
238,238,1.022491e+00
239,239,1.023068e+00
240,240,1.023645e+00
241,241,1.024221e+00
242,242,1.024798e+00
243,243,1.025375e+00
244,244,1.025952e+00
245,245,1.026528e+00
246,246,1.027105e+00
247,247,1.027682e+00
248,248,1.028258e+00
249,249,1.028835e+00
250,250,1.000692e+00
251,251,1.001384e+00
252,252,1.002076e+00
253,253,1.002768e+00
254,254,1.003460e+00
255,255,1.004152e+00
256,256,1.004844e+00
257,257,1.005536e+00
258,258,1.006228e+00
259,259,1.006920e+00
260,260,1.007612e+00
261,261,1.008304e+00
262,262,1.008997e+00
263,263,1.009689e+00
264,264,1.010381e+00
265,265,1.011073e+00
266,266,1.011765e+00
267,267,1.012457e+00
268,268,1.013149e+00
269,269,1.013841e+00
270,270,1.014533e+00
271,271,1.015225e+00
272,272,1.015917e+00
273,273,1.016609e+00
274,274,1.017301e+00
275,275,1.017993e+00
276,276,1.018685e+00
277,277,1.019377e+00
278,278,1.020069e+00
279,279,1.020761e+00
280,280,1.021453e+00
281,281,1.022145e+00
282,282,1.022837e+00
283,283,1.023529e+00
284,284,1.024221e+00
285,285,1.024913e+00
286,286,1.025606e+00
287,287,1.026298e+00
288,288,1.026990e+00
289,289,1.027682e+00
290,290,1.028374e+00
291,291,1.029066e+00
292,292,1.029758e+00
293,293,1.030450e+00
294,294,1.031142e+00
295,295,1.031834e+00
296,296,1.032526e+00
297,297,1.033218e+00
298,298,1.033910e+00
299,299,1.034602e+00
300,300,1.000807e+00
301,301,1.001615e+00
302,302,1.002422e+00
303,303,1.003230e+00
304,304,1.004037e+00
305,305,1.004844e+00
306,306,1.005652e+00
307,307,1.006459e+00
308,308,1.007266e+00
309,309,1.008074e+00
310,310,1.008881e+00
311,311,1.009689e+00
312,312,1.010496e+00
313,313,1.011303e+00
314,314,1.012111e+00
315,315,1.012918e+00
316,316,1.013725e+00
317,317,1.014533e+00
318,318,1.015340e+00
319,319,1.016148e+00
320,320,1.016955e+00
321,321,1.017762e+00
322,322,1.018570e+00
323,323,1.019377e+00
324,324,1.020185e+00
325,325,1.020992e+00
326,326,1.021799e+00
327,327,1.022607e+00
328,328,1.023414e+00
329,329,1.024221e+00
330,330,1.025029e+00
331,331,1.025836e+00
332,332,1.026644e+00
333,333,1.027451e+00
334,334,1.028258e+00
335,335,1.029066e+00
336,336,1.029873e+00
337,337,1.030681e+00
338,338,1.031488e+00
339,339,1.032295e+00
340,340,1.033103e+00
341,341,1.033910e+00
342,342,1.034717e+00
343,343,1.035525e+00
344,344,1.036332e+00
345,345,1.037140e+00
346,346,1.037947e+00
347,347,1.038754e+00
348,348,1.039562e+00
349,349,1.040369e+00
350,350,1.000923e+00
351,351,1.001845e+00
352,352,1.002768e+00
353,353,1.003691e+00
354,354,1.004614e+00
355,355,1.005536e+00
356,356,1.006459e+00
357,357,1.007382e+00
358,358,1.008304e+00
359,359,1.009227e+00
360,360,1.010150e+00
361,361,1.011073e+00
362,362,1.011995e+00
363,363,1.012918e+00
364,364,1.013841e+00
365,365,1.014764e+00
366,366,1.015686e+00
367,367,1.016609e+00
368,368,1.017532e+00
369,369,1.018454e+00
370,370,1.019377e+00
371,371,1.020300e+00
372,372,1.021223e+00
373,373,1.022145e+00
374,374,1.023068e+00
375,375,1.023991e+00
376,376,1.024913e+00
377,377,1.025836e+00
378,378,1.026759e+00
379,379,1.027682e+00
380,380,1.028604e+00
381,381,1.029527e+00
382,382,1.030450e+00
383,383,1.031373e+00
384,384,1.032295e+00
385,385,1.033218e+00
386,386,1.034141e+00
387,387,1.035063e+00
388,388,1.035986e+00
389,389,1.036909e+00
390,390,1.037832e+00
391,391,1.038754e+00
392,392,1.039677e+00
393,393,1.040600e+00
394,394,1.041522e+00
395,395,1.042445e+00
396,396,1.043368e+00
397,397,1.044291e+00
398,398,1.045213e+00
399,399,1.046136e+00
400,400,1.001038e+00
401,401,1.002076e+00
402,402,1.003114e+00
403,403,1.004152e+00
404,404,1.005190e+00
405,405,1.006228e+00
406,406,1.007266e+00
407,407,1.008304e+00
408,408,1.009343e+00
409,409,1.010381e+00
410,410,1.011419e+00
411,411,1.012457e+00
412,412,1.013495e+00
413,413,1.014533e+00
414,414,1.015571e+00
415,415,1.016609e+00
416,416,1.017647e+00
417,417,1.018685e+00
418,418,1.019723e+00
419,419,1.020761e+00
420,420,1.021799e+00
421,421,1.022837e+00
422,422,1.023875e+00
423,423,1.024913e+00
424,424,1.025952e+00
425,425,1.026990e+00
426,426,1.028028e+00
427,427,1.029066e+00
428,428,1.030104e+00
429,429,1.031142e+00
430,430,1.032180e+00
431,431,1.033218e+00
432,432,1.034256e+00
433,433,1.035294e+00
434,434,1.036332e+00
435,435,1.037370e+00
436,436,1.038408e+00
437,437,1.039446e+00
438,438,1.040484e+00
439,439,1.041522e+00
440,440,1.042561e+00
441,441,1.043599e+00
442,442,1.044637e+00
443,443,1.045675e+00
444,444,1.046713e+00
445,445,1.047751e+00
446,446,1.048789e+00
447,447,1.049827e+00
448,448,1.050865e+00
449,449,1.051903e+00
450,450,1.001153e+00
451,451,1.002307e+00
452,452,1.003460e+00
453,453,1.004614e+00
454,454,1.005767e+00
455,455,1.006920e+00
456,456,1.008074e+00
457,457,1.009227e+00
458,458,1.010381e+00
459,459,1.011534e+00
460,460,1.012687e+00
461,461,1.013841e+00
462,462,1.014994e+00
463,463,1.016148e+00
464,464,1.017301e+00
465,465,1.018454e+00
466,466,1.019608e+00
467,467,1.020761e+00
468,468,1.021915e+00
469,469,1.023068e+00
470,470,1.024221e+00
471,471,1.025375e+00
472,472,1.026528e+00
473,473,1.027682e+00
474,474,1.028835e+00
475,475,1.029988e+00
476,476,1.031142e+00
477,477,1.032295e+00
478,478,1.033449e+00
479,479,1.034602e+00
480,480,1.035755e+00
481,481,1.036909e+00
482,482,1.038062e+00
483,483,1.039216e+00
484,484,1.040369e+00
485,485,1.041522e+00
486,486,1.042676e+00
487,487,1.043829e+00
488,488,1.044983e+00
489,489,1.046136e+00
490,490,1.047290e+00
491,491,1.048443e+00
492,492,1.049596e+00
493,493,1.050750e+00
494,494,1.051903e+00
495,495,1.053057e+00
496,496,1.054210e+00
497,497,1.055363e+00
498,498,1.056517e+00
499,499,1.057670e+00
500,500,1.001269e+00
501,501,1.002537e+00
502,502,1.003806e+00
503,503,1.005075e+00
504,504,1.006344e+00
505,505,1.007612e+00
506,506,1.008881e+00
507,507,1.010150e+00
508,508,1.011419e+00
509,509,1.012687e+00
510,510,1.013956e+00
511,511,1.015225e+00
512,512,1.016494e+00
513,513,1.017762e+00
514,514,1.019031e+00
515,515,1.020300e+00
516,516,1.021569e+00
517,517,1.022837e+00
518,518,1.024106e+00
519,519,1.025375e+00
520,520,1.026644e+00
521,521,1.027912e+00
522,522,1.029181e+00
523,523,1.030450e+00
524,524,1.031719e+00
525,525,1.032987e+00
526,526,1.034256e+00
527,527,1.035525e+00
528,528,1.036794e+00
529,529,1.038062e+00
530,530,1.039331e+00
531,531,1.040600e+00
532,532,1.041869e+00
533,533,1.043137e+00
534,534,1.044406e+00
535,535,1.045675e+00
536,536,1.046943e+00
537,537,1.048212e+00
538,538,1.049481e+00
539,539,1.050750e+00
540,540,1.052018e+00
541,541,1.053287e+00
542,542,1.054556e+00
543,543,1.055825e+00
544,544,1.057093e+00
545,545,1.058362e+00
546,546,1.059631e+00
547,547,1.060900e+00
548,548,1.062168e+00
549,549,1.063437e+00
550,550,1.001384e+00
551,551,1.002768e+00
552,552,1.004152e+00
553,553,1.005536e+00
554,554,1.006920e+00
555,555,1.008304e+00
556,556,1.009689e+00
557,557,1.011073e+00
558,558,1.012457e+00
559,559,1.013841e+00
560,560,1.015225e+00
561,561,1.016609e+00
562,562,1.017993e+00
563,563,1.019377e+00
564,564,1.020761e+00
565,565,1.022145e+00
566,566,1.023529e+00
567,567,1.024913e+00
568,568,1.026298e+00
569,569,1.027682e+00
570,570,1.029066e+00
571,571,1.030450e+00
572,572,1.031834e+00
573,573,1.033218e+00
574,574,1.034602e+00
575,575,1.035986e+00
576,576,1.037370e+00
577,577,1.038754e+00
578,578,1.040138e+00
579,579,1.041522e+00
580,580,1.042907e+00
581,581,1.044291e+00
582,582,1.045675e+00
583,583,1.047059e+00
584,584,1.048443e+00
585,585,1.049827e+00
586,586,1.051211e+00
587,587,1.052595e+00
588,588,1.053979e+00
589,589,1.055363e+00
590,590,1.056747e+00
591,591,1.058131e+00
592,592,1.059516e+00
593,593,1.060900e+00
594,594,1.062284e+00
595,595,1.063668e+00
596,596,1.065052e+00
597,597,1.066436e+00
598,598,1.067820e+00
599,599,1.069204e+00
600,600,1.001499e+00
601,601,1.002999e+00
602,602,1.004498e+00
603,603,1.005998e+00
604,604,1.007497e+00
605,605,1.008997e+00
606,606,1.010496e+00
607,607,1.011995e+00
608,608,1.013495e+00
609,609,1.014994e+00
610,610,1.016494e+00
611,611,1.017993e+00
612,612,1.019493e+00
613,613,1.020992e+00
614,614,1.022491e+00
615,615,1.023991e+00
616,616,1.025490e+00
617,617,1.026990e+00
618,618,1.028489e+00
619,619,1.029988e+00
620,620,1.031488e+00
621,621,1.032987e+00
622,622,1.034487e+00
623,623,1.035986e+00
624,624,1.037486e+00
625,625,1.038985e+00
626,626,1.040484e+00
627,627,1.041984e+00
628,628,1.043483e+00
629,629,1.044983e+00
630,630,1.046482e+00
631,631,1.047982e+00
632,632,1.049481e+00
633,633,1.050980e+00
634,634,1.052480e+00
635,635,1.053979e+00
636,636,1.055479e+00
637,637,1.056978e+00
638,638,1.058478e+00
639,639,1.059977e+00
640,640,1.061476e+00
641,641,1.062976e+00
642,642,1.064475e+00
643,643,1.065975e+00
644,644,1.067474e+00
645,645,1.068973e+00
646,646,1.070473e+00
647,647,1.071972e+00
648,648,1.073472e+00
649,649,1.074971e+00
650,650,1.001615e+00
651,651,1.003230e+00
652,652,1.004844e+00
653,653,1.006459e+00
654,654,1.008074e+00
655,655,1.009689e+00
656,656,1.011303e+00
657,657,1.012918e+00
658,658,1.014533e+00
659,659,1.016148e+00
660,660,1.017762e+00
661,661,1.019377e+00
662,662,1.020992e+00
663,663,1.022607e+00
664,664,1.024221e+00
665,665,1.025836e+00
666,666,1.027451e+00
667,667,1.029066e+00
668,668,1.030681e+00
669,669,1.032295e+00
670,670,1.033910e+00
671,671,1.035525e+00
672,672,1.037140e+00
673,673,1.038754e+00
674,674,1.040369e+00
675,675,1.041984e+00
676,676,1.043599e+00
677,677,1.045213e+00
678,678,1.046828e+00
679,679,1.048443e+00
680,680,1.050058e+00
681,681,1.051672e+00
682,682,1.053287e+00
683,683,1.054902e+00
684,684,1.056517e+00
685,685,1.058131e+00
686,686,1.059746e+00
687,687,1.061361e+00
688,688,1.062976e+00
689,689,1.064591e+00
690,690,1.066205e+00
691,691,1.067820e+00
692,692,1.069435e+00
693,693,1.071050e+00
694,694,1.072664e+00
695,695,1.074279e+00
696,696,1.075894e+00
697,697,1.077509e+00
698,698,1.079123e+00
699,699,1.080738e+00
700,700,1.001730e+00
701,701,1.003460e+00
702,702,1.005190e+00
703,703,1.006920e+00
704,704,1.008651e+00
705,705,1.010381e+00
706,706,1.012111e+00
707,707,1.013841e+00
708,708,1.015571e+00
709,709,1.017301e+00
710,710,1.019031e+00
711,711,1.020761e+00
712,712,1.022491e+00
713,713,1.024221e+00
714,714,1.025952e+00
715,715,1.027682e+00
716,716,1.029412e+00
717,717,1.031142e+00
718,718,1.032872e+00
719,719,1.034602e+00
720,720,1.036332e+00
721,721,1.038062e+00
722,722,1.039792e+00
723,723,1.041522e+00
724,724,1.043253e+00
725,725,1.044983e+00
726,726,1.046713e+00
727,727,1.048443e+00
728,728,1.050173e+00
729,729,1.051903e+00
730,730,1.053633e+00
731,731,1.055363e+00
732,732,1.057093e+00
733,733,1.058824e+00
734,734,1.060554e+00
735,735,1.062284e+00
736,736,1.064014e+00
737,737,1.065744e+00
738,738,1.067474e+00
739,739,1.069204e+00
740,740,1.070934e+00
741,741,1.072664e+00
742,742,1.074394e+00
743,743,1.076125e+00
744,744,1.077855e+00
745,745,1.079585e+00
746,746,1.081315e+00
747,747,1.083045e+00
748,748,1.084775e+00
749,749,1.086505e+00
750,750,1.001845e+00
751,751,1.003691e+00
752,752,1.005536e+00
753,753,1.007382e+00
754,754,1.009227e+00
755,755,1.011073e+00
756,756,1.012918e+00
757,757,1.014764e+00
758,758,1.016609e+00
759,759,1.018454e+00
760,760,1.020300e+00
761,761,1.022145e+00
762,762,1.023991e+00
763,763,1.025836e+00
764,764,1.027682e+00
765,765,1.029527e+00
766,766,1.031373e+00
767,767,1.033218e+00
768,768,1.035063e+00
769,769,1.036909e+00
770,770,1.038754e+00
771,771,1.040600e+00
772,772,1.042445e+00
773,773,1.044291e+00
774,774,1.046136e+00
775,775,1.047982e+00
776,776,1.049827e+00
777,777,1.051672e+00
778,778,1.053518e+00
779,779,1.055363e+00
780,780,1.057209e+00
781,781,1.059054e+00
782,782,1.060900e+00
783,783,1.062745e+00
784,784,1.064591e+00
785,785,1.066436e+00
786,786,1.068281e+00
787,787,1.070127e+00
788,788,1.071972e+00
789,789,1.073818e+00
790,790,1.075663e+00
791,791,1.077509e+00
792,792,1.079354e+00
793,793,1.081200e+00
794,794,1.083045e+00
795,795,1.084890e+00
796,796,1.086736e+00
797,797,1.088581e+00
798,798,1.090427e+00
799,799,1.092272e+00
800,800,1.001961e+00
801,801,1.003922e+00
802,802,1.005882e+00
803,803,1.007843e+00
804,804,1.009804e+00
805,805,1.011765e+00
806,806,1.013725e+00
807,807,1.015686e+00
808,808,1.017647e+00
809,809,1.019608e+00
810,810,1.021569e+00
811,811,1.023529e+00
812,812,1.025490e+00
813,813,1.027451e+00
814,814,1.029412e+00
815,815,1.031373e+00
816,816,1.033333e+00
817,817,1.035294e+00
818,818,1.037255e+00
819,819,1.039216e+00
820,820,1.041176e+00
821,821,1.043137e+00
822,822,1.045098e+00
823,823,1.047059e+00
824,824,1.049020e+00
825,825,1.050980e+00
826,826,1.052941e+00
827,827,1.054902e+00
828,828,1.056863e+00
829,829,1.058824e+00
830,830,1.060784e+00
831,831,1.062745e+00
832,832,1.064706e+00
833,833,1.066667e+00
834,834,1.068627e+00
835,835,1.070588e+00
836,836,1.072549e+00
837,837,1.074510e+00
838,838,1.076471e+00
839,839,1.078431e+00
840,840,1.080392e+00
841,841,1.082353e+00
842,842,1.084314e+00
843,843,1.086275e+00
844,844,1.088235e+00
845,845,1.090196e+00
846,846,1.092157e+00
847,847,1.094118e+00
848,848,1.096078e+00
849,849,1.098039e+00
850,850,1.002076e+00
851,851,1.004152e+00
852,852,1.006228e+00
853,853,1.008304e+00
854,854,1.010381e+00
855,855,1.012457e+00
856,856,1.014533e+00
857,857,1.016609e+00
858,858,1.018685e+00
859,859,1.020761e+00
860,860,1.022837e+00
861,861,1.024913e+00
862,862,1.026990e+00
863,863,1.029066e+00
864,864,1.031142e+00
865,865,1.033218e+00
866,866,1.035294e+00
867,867,1.037370e+00
868,868,1.039446e+00
869,869,1.041522e+00
870,870,1.043599e+00
871,871,1.045675e+00
872,872,1.047751e+00
873,873,1.049827e+00
874,874,1.051903e+00
875,875,1.053979e+00
876,876,1.056055e+00
877,877,1.058131e+00
878,878,1.060208e+00
879,879,1.062284e+00
880,880,1.064360e+00
881,881,1.066436e+00
882,882,1.068512e+00
883,883,1.070588e+00
884,884,1.072664e+00
885,885,1.074740e+00
886,886,1.076817e+00
887,887,1.078893e+00
888,888,1.080969e+00
889,889,1.083045e+00
890,890,1.085121e+00
891,891,1.087197e+00
892,892,1.089273e+00
893,893,1.091349e+00
894,894,1.093426e+00
895,895,1.095502e+00
896,896,1.097578e+00
897,897,1.099654e+00
898,898,1.101730e+00
899,899,1.103806e+00
900,900,1.002191e+00
901,901,1.004383e+00
902,902,1.006574e+00
903,903,1.008766e+00
904,904,1.010957e+00
905,905,1.013149e+00
906,906,1.015340e+00
907,907,1.017532e+00
908,908,1.019723e+00
909,909,1.021915e+00
910,910,1.024106e+00
911,911,1.026298e+00
912,912,1.028489e+00
913,913,1.030681e+00
914,914,1.032872e+00
915,915,1.035063e+00
916,916,1.037255e+00
917,917,1.039446e+00
918,918,1.041638e+00
919,919,1.043829e+00
920,920,1.046021e+00
921,921,1.048212e+00
922,922,1.050404e+00
923,923,1.052595e+00
924,924,1.054787e+00
925,925,1.056978e+00
926,926,1.059170e+00
927,927,1.061361e+00
928,928,1.063552e+00
929,929,1.065744e+00
930,930,1.067935e+00
931,931,1.070127e+00
932,932,1.072318e+00
933,933,1.074510e+00
934,934,1.076701e+00
935,935,1.078893e+00
936,936,1.081084e+00
937,937,1.083276e+00
938,938,1.085467e+00
939,939,1.087659e+00
940,940,1.089850e+00
941,941,1.092042e+00
942,942,1.094233e+00
943,943,1.096424e+00
944,944,1.098616e+00
945,945,1.100807e+00
946,946,1.102999e+00
947,947,1.105190e+00
948,948,1.107382e+00
949,949,1.109573e+00
950,950,1.002307e+00
951,951,1.004614e+00
952,952,1.006920e+00
953,953,1.009227e+00
954,954,1.011534e+00
955,955,1.013841e+00
956,956,1.016148e+00
957,957,1.018454e+00
958,958,1.020761e+00
959,959,1.023068e+00
960,960,1.025375e+00
961,961,1.027682e+00
962,962,1.029988e+00
963,963,1.032295e+00
964,964,1.034602e+00
965,965,1.036909e+00
966,966,1.039216e+00
967,967,1.041522e+00
968,968,1.043829e+00
969,969,1.046136e+00
970,970,1.048443e+00
971,971,1.050750e+00
972,972,1.053057e+00
973,973,1.055363e+00
974,974,1.057670e+00
975,975,1.059977e+00
976,976,1.062284e+00
977,977,1.064591e+00
978,978,1.066897e+00
979,979,1.069204e+00
980,980,1.071511e+00
981,981,1.073818e+00
982,982,1.076125e+00
983,983,1.078431e+00
984,984,1.080738e+00
985,985,1.083045e+00
986,986,1.085352e+00
987,987,1.087659e+00
988,988,1.089965e+00
989,989,1.092272e+00
990,990,1.094579e+00
991,991,1.096886e+00
992,992,1.099193e+00
993,993,1.101499e+00
994,994,1.103806e+00
995,995,1.106113e+00
996,996,1.108420e+00
997,997,1.110727e+00
998,998,1.113033e+00
999,999,1.115340e+00
1000,1000,1.002422e+00
1001,1001,1.004844e+00
1002,1002,1.007266e+00
1003,1003,1.009689e+00
1004,1004,1.012111e+00
1005,1005,1.014533e+00
1006,1006,1.016955e+00
1007,1007,1.019377e+00
1008,1008,1.021799e+00
1009,1009,1.024221e+00
1010,1010,1.026644e+00
1011,1011,1.029066e+00
1012,1012,1.031488e+00
1013,1013,1.033910e+00
1014,1014,1.036332e+00
1015,1015,1.038754e+00
1016,1016,1.041176e+00
1017,1017,1.043599e+00
1018,1018,1.046021e+00
1019,1019,1.048443e+00
1020,1020,1.050865e+00
1021,1021,1.053287e+00
1022,1022,1.055709e+00
1023,1023,1.058131e+00
1024,1024,1.060554e+00
1025,1025,1.062976e+00
1026,1026,1.065398e+00
1027,1027,1.067820e+00
1028,1028,1.070242e+00
1029,1029,1.072664e+00
1030,1030,1.075087e+00
1031,1031,1.077509e+00
1032,1032,1.079931e+00
1033,1033,1.082353e+00
1034,1034,1.084775e+00
1035,1035,1.087197e+00
1036,1036,1.089619e+00
1037,1037,1.092042e+00
1038,1038,1.094464e+00
1039,1039,1.096886e+00
1040,1040,1.099308e+00
1041,1041,1.101730e+00
1042,1042,1.104152e+00
1043,1043,1.106574e+00
1044,1044,1.108997e+00
1045,1045,1.111419e+00
1046,1046,1.113841e+00
1047,1047,1.116263e+00
1048,1048,1.118685e+00
1049,1049,1.121107e+00
1050,1050,1.002537e+00
1051,1051,1.005075e+00
1052,1052,1.007612e+00
1053,1053,1.010150e+00
1054,1054,1.012687e+00
1055,1055,1.015225e+00
1056,1056,1.017762e+00
1057,1057,1.020300e+00
1058,1058,1.022837e+00
1059,1059,1.025375e+00
1060,1060,1.027912e+00
1061,1061,1.030450e+00
1062,1062,1.032987e+00
1063,1063,1.035525e+00
1064,1064,1.038062e+00
1065,1065,1.040600e+00
1066,1066,1.043137e+00
1067,1067,1.045675e+00
1068,1068,1.048212e+00
1069,1069,1.050750e+00
1070,1070,1.053287e+00
1071,1071,1.055825e+00
1072,1072,1.058362e+00
1073,1073,1.060900e+00
1074,1074,1.063437e+00
1075,1075,1.065975e+00
1076,1076,1.068512e+00
1077,1077,1.071050e+00
1078,1078,1.073587e+00
1079,1079,1.076125e+00
1080,1080,1.078662e+00
1081,1081,1.081200e+00
1082,1082,1.083737e+00
1083,1083,1.086275e+00
1084,1084,1.088812e+00
1085,1085,1.091349e+00
1086,1086,1.093887e+00
1087,1087,1.096424e+00
1088,1088,1.098962e+00
1089,1089,1.101499e+00
1090,1090,1.104037e+00
1091,1091,1.106574e+00
1092,1092,1.109112e+00
1093,1093,1.111649e+00
1094,1094,1.114187e+00
1095,1095,1.116724e+00
1096,1096,1.119262e+00
1097,1097,1.121799e+00
1098,1098,1.124337e+00
1099,1099,1.126874e+00
1100,1100,1.002653e+00
1101,1101,1.005306e+00
1102,1102,1.007958e+00
1103,1103,1.010611e+00
1104,1104,1.013264e+00
1105,1105,1.015917e+00
1106,1106,1.018570e+00
1107,1107,1.021223e+00
1108,1108,1.023875e+00
1109,1109,1.026528e+00
1110,1110,1.029181e+00
1111,1111,1.031834e+00
1112,1112,1.034487e+00
1113,1113,1.037140e+00
1114,1114,1.039792e+00
1115,1115,1.042445e+00
1116,1116,1.045098e+00
1117,1117,1.047751e+00
1118,1118,1.050404e+00
1119,1119,1.053057e+00
1120,1120,1.055709e+00
1121,1121,1.058362e+00
1122,1122,1.061015e+00
1123,1123,1.063668e+00
1124,1124,1.066321e+00
1125,1125,1.068973e+00
1126,1126,1.071626e+00
1127,1127,1.074279e+00
1128,1128,1.076932e+00
1129,1129,1.079585e+00
1130,1130,1.082238e+00
1131,1131,1.084890e+00
1132,1132,1.087543e+00
1133,1133,1.090196e+00
1134,1134,1.092849e+00
1135,1135,1.095502e+00
1136,1136,1.098155e+00
1137,1137,1.100807e+00
1138,1138,1.103460e+00
1139,1139,1.106113e+00
1140,1140,1.108766e+00
1141,1141,1.111419e+00
1142,1142,1.114072e+00
1143,1143,1.116724e+00
1144,1144,1.119377e+00
1145,1145,1.122030e+00
1146,1146,1.124683e+00
1147,1147,1.127336e+00
1148,1148,1.129988e+00
1149,1149,1.132641e+00
1150,1150,1.002768e+00
1151,1151,1.005536e+00
1152,1152,1.008304e+00
1153,1153,1.011073e+00
1154,1154,1.013841e+00
1155,1155,1.016609e+00
1156,1156,1.019377e+00
1157,1157,1.022145e+00
1158,1158,1.024913e+00
1159,1159,1.027682e+00
1160,1160,1.030450e+00
1161,1161,1.033218e+00
1162,1162,1.035986e+00
1163,1163,1.038754e+00
1164,1164,1.041522e+00
1165,1165,1.044291e+00
1166,1166,1.047059e+00
1167,1167,1.049827e+00
1168,1168,1.052595e+00
1169,1169,1.055363e+00
1170,1170,1.058131e+00
1171,1171,1.060900e+00
1172,1172,1.063668e+00
1173,1173,1.066436e+00
1174,1174,1.069204e+00
1175,1175,1.071972e+00
1176,1176,1.074740e+00
1177,1177,1.077509e+00
1178,1178,1.080277e+00
1179,1179,1.083045e+00
1180,1180,1.085813e+00
1181,1181,1.088581e+00
1182,1182,1.091349e+00
1183,1183,1.094118e+00
1184,1184,1.096886e+00
1185,1185,1.099654e+00
1186,1186,1.102422e+00
1187,1187,1.105190e+00
1188,1188,1.107958e+00
1189,1189,1.110727e+00
1190,1190,1.113495e+00
1191,1191,1.116263e+00
1192,1192,1.119031e+00
1193,1193,1.121799e+00
1194,1194,1.124567e+00
1195,1195,1.127336e+00
1196,1196,1.130104e+00
1197,1197,1.132872e+00
1198,1198,1.135640e+00
1199,1199,1.138408e+00
1200,1200,1.002884e+00
1201,1201,1.005767e+00
1202,1202,1.008651e+00
1203,1203,1.011534e+00
1204,1204,1.014418e+00
1205,1205,1.017301e+00
1206,1206,1.020185e+00
1207,1207,1.023068e+00
1208,1208,1.025952e+00
1209,1209,1.028835e+00
1210,1210,1.031719e+00
1211,1211,1.034602e+00
1212,1212,1.037486e+00
1213,1213,1.040369e+00
1214,1214,1.043253e+00
1215,1215,1.046136e+00
1216,1216,1.049020e+00
1217,1217,1.051903e+00
1218,1218,1.054787e+00
1219,1219,1.057670e+00
1220,1220,1.060554e+00
1221,1221,1.063437e+00
1222,1222,1.066321e+00
1223,1223,1.069204e+00
1224,1224,1.072088e+00
1225,1225,1.074971e+00
1226,1226,1.077855e+00
1227,1227,1.080738e+00
1228,1228,1.083622e+00
1229,1229,1.086505e+00
1230,1230,1.089389e+00
1231,1231,1.092272e+00
1232,1232,1.095156e+00
1233,1233,1.098039e+00
1234,1234,1.100923e+00
1235,1235,1.103806e+00
1236,1236,1.106690e+00
1237,1237,1.109573e+00
1238,1238,1.112457e+00
1239,1239,1.115340e+00
1240,1240,1.118224e+00
1241,1241,1.121107e+00
1242,1242,1.123991e+00
1243,1243,1.126874e+00
1244,1244,1.129758e+00
1245,1245,1.132641e+00
1246,1246,1.135525e+00
1247,1247,1.138408e+00
1248,1248,1.141292e+00
1249,1249,1.144175e+00
1250,1250,1.002999e+00
1251,1251,1.005998e+00
1252,1252,1.008997e+00
1253,1253,1.011995e+00
1254,1254,1.014994e+00
1255,1255,1.017993e+00
1256,1256,1.020992e+00
1257,1257,1.023991e+00
1258,1258,1.026990e+00
1259,1259,1.029988e+00
1260,1260,1.032987e+00
1261,1261,1.035986e+00
1262,1262,1.038985e+00
1263,1263,1.041984e+00
1264,1264,1.044983e+00
1265,1265,1.047982e+00
1266,1266,1.050980e+00
1267,1267,1.053979e+00
1268,1268,1.056978e+00
1269,1269,1.059977e+00
1270,1270,1.062976e+00
1271,1271,1.065975e+00
1272,1272,1.068973e+00
1273,1273,1.071972e+00
1274,1274,1.074971e+00
1275,1275,1.077970e+00
1276,1276,1.080969e+00
1277,1277,1.083968e+00
1278,1278,1.086967e+00
1279,1279,1.089965e+00
1280,1280,1.092964e+00
1281,1281,1.095963e+00
1282,1282,1.098962e+00
1283,1283,1.101961e+00
1284,1284,1.104960e+00
1285,1285,1.107958e+00
1286,1286,1.110957e+00
1287,1287,1.113956e+00
1288,1288,1.116955e+00
1289,1289,1.119954e+00
1290,1290,1.122953e+00
1291,1291,1.125952e+00
1292,1292,1.128950e+00
1293,1293,1.131949e+00
1294,1294,1.134948e+00
1295,1295,1.137947e+00
1296,1296,1.140946e+00
1297,1297,1.143945e+00
1298,1298,1.146943e+00
1299,1299,1.149942e+00
1300,1300,1.003114e+00
1301,1301,1.006228e+00
1302,1302,1.009343e+00
1303,1303,1.012457e+00
1304,1304,1.015571e+00
1305,1305,1.018685e+00
1306,1306,1.021799e+00
1307,1307,1.024913e+00
1308,1308,1.028028e+00
1309,1309,1.031142e+00
1310,1310,1.034256e+00
1311,1311,1.037370e+00
1312,1312,1.040484e+00
1313,1313,1.043599e+00
1314,1314,1.046713e+00
1315,1315,1.049827e+00
1316,1316,1.052941e+00
1317,1317,1.056055e+00
1318,1318,1.059170e+00
1319,1319,1.062284e+00
1320,1320,1.065398e+00
1321,1321,1.068512e+00
1322,1322,1.071626e+00
1323,1323,1.074740e+00
1324,1324,1.077855e+00
1325,1325,1.080969e+00
1326,1326,1.084083e+00
1327,1327,1.087197e+00
1328,1328,1.090311e+00
1329,1329,1.093426e+00
1330,1330,1.096540e+00
1331,1331,1.099654e+00
1332,1332,1.102768e+00
1333,1333,1.105882e+00
1334,1334,1.108997e+00
1335,1335,1.112111e+00
1336,1336,1.115225e+00
1337,1337,1.118339e+00
1338,1338,1.121453e+00
1339,1339,1.124567e+00
1340,1340,1.127682e+00
1341,1341,1.130796e+00
1342,1342,1.133910e+00
1343,1343,1.137024e+00
1344,1344,1.140138e+00
1345,1345,1.143253e+00
1346,1346,1.146367e+00
1347,1347,1.149481e+00
1348,1348,1.152595e+00
1349,1349,1.155709e+00
1350,1350,1.003230e+00
1351,1351,1.006459e+00
1352,1352,1.009689e+00
1353,1353,1.012918e+00
1354,1354,1.016148e+00
1355,1355,1.019377e+00
1356,1356,1.022607e+00
1357,1357,1.025836e+00
1358,1358,1.029066e+00
1359,1359,1.032295e+00
1360,1360,1.035525e+00
1361,1361,1.038754e+00
1362,1362,1.041984e+00
1363,1363,1.045213e+00
1364,1364,1.048443e+00
1365,1365,1.051672e+00
1366,1366,1.054902e+00
1367,1367,1.058131e+00
1368,1368,1.061361e+00
1369,1369,1.064591e+00
1370,1370,1.067820e+00
1371,1371,1.071050e+00
1372,1372,1.074279e+00
1373,1373,1.077509e+00
1374,1374,1.080738e+00
1375,1375,1.083968e+00
1376,1376,1.087197e+00
1377,1377,1.090427e+00
1378,1378,1.093656e+00
1379,1379,1.096886e+00
1380,1380,1.100115e+00
1381,1381,1.103345e+00
1382,1382,1.106574e+00
1383,1383,1.109804e+00
1384,1384,1.113033e+00
1385,1385,1.116263e+00
1386,1386,1.119493e+00
1387,1387,1.122722e+00
1388,1388,1.125952e+00
1389,1389,1.129181e+00
1390,1390,1.132411e+00
1391,1391,1.135640e+00
1392,1392,1.138870e+00
1393,1393,1.142099e+00
1394,1394,1.145329e+00
1395,1395,1.148558e+00
1396,1396,1.151788e+00
1397,1397,1.155017e+00
1398,1398,1.158247e+00
1399,1399,1.161476e+00
1400,1400,1.003345e+00
1401,1401,1.006690e+00
1402,1402,1.010035e+00
1403,1403,1.013379e+00
1404,1404,1.016724e+00
1405,1405,1.020069e+00
1406,1406,1.023414e+00
1407,1407,1.026759e+00
1408,1408,1.030104e+00
1409,1409,1.033449e+00
1410,1410,1.036794e+00
1411,1411,1.040138e+00
1412,1412,1.043483e+00
1413,1413,1.046828e+00
1414,1414,1.050173e+00
1415,1415,1.053518e+00
1416,1416,1.056863e+00
1417,1417,1.060208e+00
1418,1418,1.063552e+00
1419,1419,1.066897e+00
1420,1420,1.070242e+00
1421,1421,1.073587e+00
1422,1422,1.076932e+00
1423,1423,1.080277e+00
1424,1424,1.083622e+00
1425,1425,1.086967e+00
1426,1426,1.090311e+00
1427,1427,1.093656e+00
1428,1428,1.097001e+00
1429,1429,1.100346e+00
1430,1430,1.103691e+00
1431,1431,1.107036e+00
1432,1432,1.110381e+00
1433,1433,1.113725e+00
1434,1434,1.117070e+00
1435,1435,1.120415e+00
1436,1436,1.123760e+00
1437,1437,1.127105e+00
1438,1438,1.130450e+00
1439,1439,1.133795e+00
1440,1440,1.137140e+00
1441,1441,1.140484e+00
1442,1442,1.143829e+00
1443,1443,1.147174e+00
1444,1444,1.150519e+00
1445,1445,1.153864e+00
1446,1446,1.157209e+00
1447,1447,1.160554e+00
1448,1448,1.163899e+00
1449,1449,1.167243e+00
1450,1450,1.003460e+00
1451,1451,1.006920e+00
1452,1452,1.010381e+00
1453,1453,1.013841e+00
1454,1454,1.017301e+00
1455,1455,1.020761e+00
1456,1456,1.024221e+00
1457,1457,1.027682e+00
1458,1458,1.031142e+00
1459,1459,1.034602e+00
1460,1460,1.038062e+00
1461,1461,1.041522e+00
1462,1462,1.044983e+00
1463,1463,1.048443e+00
1464,1464,1.051903e+00
1465,1465,1.055363e+00
1466,1466,1.058824e+00
1467,1467,1.062284e+00
1468,1468,1.065744e+00
1469,1469,1.069204e+00
1470,1470,1.072664e+00
1471,1471,1.076125e+00
1472,1472,1.079585e+00
1473,1473,1.083045e+00
1474,1474,1.086505e+00
1475,1475,1.089965e+00
1476,1476,1.093426e+00
1477,1477,1.096886e+00
1478,1478,1.100346e+00
1479,1479,1.103806e+00
1480,1480,1.107266e+00
1481,1481,1.110727e+00
1482,1482,1.114187e+00
1483,1483,1.117647e+00
1484,1484,1.121107e+00
1485,1485,1.124567e+00
1486,1486,1.128028e+00
1487,1487,1.131488e+00
1488,1488,1.134948e+00
1489,1489,1.138408e+00
1490,1490,1.141869e+00
1491,1491,1.145329e+00
1492,1492,1.148789e+00
1493,1493,1.152249e+00
1494,1494,1.155709e+00
1495,1495,1.159170e+00
1496,1496,1.162630e+00
1497,1497,1.166090e+00
1498,1498,1.169550e+00
1499,1499,1.173010e+00
1500,1500,1.003576e+00
1501,1501,1.007151e+00
1502,1502,1.010727e+00
1503,1503,1.014302e+00
1504,1504,1.017878e+00
1505,1505,1.021453e+00
1506,1506,1.025029e+00
1507,1507,1.028604e+00
1508,1508,1.032180e+00
1509,1509,1.035755e+00
1510,1510,1.039331e+00
1511,1511,1.042907e+00
1512,1512,1.046482e+00
1513,1513,1.050058e+00
1514,1514,1.053633e+00
1515,1515,1.057209e+00
1516,1516,1.060784e+00
1517,1517,1.064360e+00
1518,1518,1.067935e+00
1519,1519,1.071511e+00
1520,1520,1.075087e+00
1521,1521,1.078662e+00
1522,1522,1.082238e+00
1523,1523,1.085813e+00
1524,1524,1.089389e+00
1525,1525,1.092964e+00
1526,1526,1.096540e+00
1527,1527,1.100115e+00
1528,1528,1.103691e+00
1529,1529,1.107266e+00
1530,1530,1.110842e+00
1531,1531,1.114418e+00
1532,1532,1.117993e+00
1533,1533,1.121569e+00
1534,1534,1.125144e+00
1535,1535,1.128720e+00
1536,1536,1.132295e+00
1537,1537,1.135871e+00
1538,1538,1.139446e+00
1539,1539,1.143022e+00
1540,1540,1.146597e+00
1541,1541,1.150173e+00
1542,1542,1.153749e+00
1543,1543,1.157324e+00
1544,1544,1.160900e+00
1545,1545,1.164475e+00
1546,1546,1.168051e+00
1547,1547,1.171626e+00
1548,1548,1.175202e+00
1549,1549,1.178777e+00
1550,1550,1.003691e+00
1551,1551,1.007382e+00
1552,1552,1.011073e+00
1553,1553,1.014764e+00
1554,1554,1.018454e+00
1555,1555,1.022145e+00
1556,1556,1.025836e+00
1557,1557,1.029527e+00
1558,1558,1.033218e+00
1559,1559,1.036909e+00
1560,1560,1.040600e+00
1561,1561,1.044291e+00
1562,1562,1.047982e+00
1563,1563,1.051672e+00
1564,1564,1.055363e+00
1565,1565,1.059054e+00
1566,1566,1.062745e+00
1567,1567,1.066436e+00
1568,1568,1.070127e+00
1569,1569,1.073818e+00
1570,1570,1.077509e+00
1571,1571,1.081200e+00
1572,1572,1.084890e+00
1573,1573,1.088581e+00
1574,1574,1.092272e+00
1575,1575,1.095963e+00
1576,1576,1.099654e+00
1577,1577,1.103345e+00
1578,1578,1.107036e+00
1579,1579,1.110727e+00
1580,1580,1.114418e+00
1581,1581,1.118108e+00
1582,1582,1.121799e+00
1583,1583,1.125490e+00
1584,1584,1.129181e+00
1585,1585,1.132872e+00
1586,1586,1.136563e+00
1587,1587,1.140254e+00
1588,1588,1.143945e+00
1589,1589,1.147636e+00
1590,1590,1.151326e+00
1591,1591,1.155017e+00
1592,1592,1.158708e+00
1593,1593,1.162399e+00
1594,1594,1.166090e+00
1595,1595,1.169781e+00
1596,1596,1.173472e+00
1597,1597,1.177163e+00
1598,1598,1.180854e+00
1599,1599,1.184544e+00
1600,1600,1.003806e+00
1601,1601,1.007612e+00
1602,1602,1.011419e+00
1603,1603,1.015225e+00
1604,1604,1.019031e+00
1605,1605,1.022837e+00
1606,1606,1.026644e+00
1607,1607,1.030450e+00
1608,1608,1.034256e+00
1609,1609,1.038062e+00
1610,1610,1.041869e+00
1611,1611,1.045675e+00
1612,1612,1.049481e+00
1613,1613,1.053287e+00
1614,1614,1.057093e+00
1615,1615,1.060900e+00
1616,1616,1.064706e+00
1617,1617,1.068512e+00
1618,1618,1.072318e+00
1619,1619,1.076125e+00
1620,1620,1.079931e+00
1621,1621,1.083737e+00
1622,1622,1.087543e+00
1623,1623,1.091349e+00
1624,1624,1.095156e+00
1625,1625,1.098962e+00
1626,1626,1.102768e+00
1627,1627,1.106574e+00
1628,1628,1.110381e+00
1629,1629,1.114187e+00
1630,1630,1.117993e+00
1631,1631,1.121799e+00
1632,1632,1.125606e+00
1633,1633,1.129412e+00
1634,1634,1.133218e+00
1635,1635,1.137024e+00
1636,1636,1.140830e+00
1637,1637,1.144637e+00
1638,1638,1.148443e+00
1639,1639,1.152249e+00
1640,1640,1.156055e+00
1641,1641,1.159862e+00
1642,1642,1.163668e+00
1643,1643,1.167474e+00
1644,1644,1.171280e+00
1645,1645,1.175087e+00
1646,1646,1.178893e+00
1647,1647,1.182699e+00
1648,1648,1.186505e+00
1649,1649,1.190311e+00
1650,1650,1.003922e+00
1651,1651,1.007843e+00
1652,1652,1.011765e+00
1653,1653,1.015686e+00
1654,1654,1.019608e+00
1655,1655,1.023529e+00
1656,1656,1.027451e+00
1657,1657,1.031373e+00
1658,1658,1.035294e+00
1659,1659,1.039216e+00
1660,1660,1.043137e+00
1661,1661,1.047059e+00
1662,1662,1.050980e+00
1663,1663,1.054902e+00
1664,1664,1.058824e+00
1665,1665,1.062745e+00
1666,1666,1.066667e+00
1667,1667,1.070588e+00
1668,1668,1.074510e+00
1669,1669,1.078431e+00
1670,1670,1.082353e+00
1671,1671,1.086275e+00
1672,1672,1.090196e+00
1673,1673,1.094118e+00
1674,1674,1.098039e+00
1675,1675,1.101961e+00
1676,1676,1.105882e+00
1677,1677,1.109804e+00
1678,1678,1.113725e+00
1679,1679,1.117647e+00
1680,1680,1.121569e+00
1681,1681,1.125490e+00
1682,1682,1.129412e+00
1683,1683,1.133333e+00
1684,1684,1.137255e+00
1685,1685,1.141176e+00
1686,1686,1.145098e+00
1687,1687,1.149020e+00
1688,1688,1.152941e+00
1689,1689,1.156863e+00
1690,1690,1.160784e+00
1691,1691,1.164706e+00
1692,1692,1.168627e+00
1693,1693,1.172549e+00
1694,1694,1.176471e+00
1695,1695,1.180392e+00
1696,1696,1.184314e+00
1697,1697,1.188235e+00
1698,1698,1.192157e+00
1699,1699,1.196078e+00
1700,1700,1.004037e+00
1701,1701,1.008074e+00
1702,1702,1.012111e+00
1703,1703,1.016148e+00
1704,1704,1.020185e+00
1705,1705,1.024221e+00
1706,1706,1.028258e+00
1707,1707,1.032295e+00
1708,1708,1.036332e+00
1709,1709,1.040369e+00
1710,1710,1.044406e+00
1711,1711,1.048443e+00
1712,1712,1.052480e+00
1713,1713,1.056517e+00
1714,1714,1.060554e+00
1715,1715,1.064591e+00
1716,1716,1.068627e+00
1717,1717,1.072664e+00
1718,1718,1.076701e+00
1719,1719,1.080738e+00
1720,1720,1.084775e+00
1721,1721,1.088812e+00
1722,1722,1.092849e+00
1723,1723,1.096886e+00
1724,1724,1.100923e+00
1725,1725,1.104960e+00
1726,1726,1.108997e+00
1727,1727,1.113033e+00
1728,1728,1.117070e+00
1729,1729,1.121107e+00
1730,1730,1.125144e+00
1731,1731,1.129181e+00
1732,1732,1.133218e+00
1733,1733,1.137255e+00
1734,1734,1.141292e+00
1735,1735,1.145329e+00
1736,1736,1.149366e+00
1737,1737,1.153403e+00
1738,1738,1.157439e+00
1739,1739,1.161476e+00
1740,1740,1.165513e+00
1741,1741,1.169550e+00
1742,1742,1.173587e+00
1743,1743,1.177624e+00
1744,1744,1.181661e+00
1745,1745,1.185698e+00
1746,1746,1.189735e+00
1747,1747,1.193772e+00
1748,1748,1.197809e+00
1749,1749,1.201845e+00
1750,1750,1.004152e+00
1751,1751,1.008304e+00
1752,1752,1.012457e+00
1753,1753,1.016609e+00
1754,1754,1.020761e+00
1755,1755,1.024913e+00
1756,1756,1.029066e+00
1757,1757,1.033218e+00
1758,1758,1.037370e+00
1759,1759,1.041522e+00
1760,1760,1.045675e+00
1761,1761,1.049827e+00
1762,1762,1.053979e+00
1763,1763,1.058131e+00
1764,1764,1.062284e+00
1765,1765,1.066436e+00
1766,1766,1.070588e+00
1767,1767,1.074740e+00
1768,1768,1.078893e+00
1769,1769,1.083045e+00
1770,1770,1.087197e+00
1771,1771,1.091349e+00
1772,1772,1.095502e+00
1773,1773,1.099654e+00
1774,1774,1.103806e+00
1775,1775,1.107958e+00
1776,1776,1.112111e+00
1777,1777,1.116263e+00
1778,1778,1.120415e+00
1779,1779,1.124567e+00
1780,1780,1.128720e+00
1781,1781,1.132872e+00
1782,1782,1.137024e+00
1783,1783,1.141176e+00
1784,1784,1.145329e+00
1785,1785,1.149481e+00
1786,1786,1.153633e+00
1787,1787,1.157785e+00
1788,1788,1.161938e+00
1789,1789,1.166090e+00
1790,1790,1.170242e+00
1791,1791,1.174394e+00
1792,1792,1.178547e+00
1793,1793,1.182699e+00
1794,1794,1.186851e+00
1795,1795,1.191003e+00
1796,1796,1.195156e+00
1797,1797,1.199308e+00
1798,1798,1.203460e+00
1799,1799,1.207612e+00
1800,1800,1.004268e+00
1801,1801,1.008535e+00
1802,1802,1.012803e+00
1803,1803,1.017070e+00
1804,1804,1.021338e+00
1805,1805,1.025606e+00
1806,1806,1.029873e+00
1807,1807,1.034141e+00
1808,1808,1.038408e+00
1809,1809,1.042676e+00
1810,1810,1.046943e+00
1811,1811,1.051211e+00
1812,1812,1.055479e+00
1813,1813,1.059746e+00
1814,1814,1.064014e+00
1815,1815,1.068281e+00
1816,1816,1.072549e+00
1817,1817,1.076817e+00
1818,1818,1.081084e+00
1819,1819,1.085352e+00
1820,1820,1.089619e+00
1821,1821,1.093887e+00
1822,1822,1.098155e+00
1823,1823,1.102422e+00
1824,1824,1.106690e+00
1825,1825,1.110957e+00
1826,1826,1.115225e+00
1827,1827,1.119493e+00
1828,1828,1.123760e+00
1829,1829,1.128028e+00
1830,1830,1.132295e+00
1831,1831,1.136563e+00
1832,1832,1.140830e+00
1833,1833,1.145098e+00
1834,1834,1.149366e+00
1835,1835,1.153633e+00
1836,1836,1.157901e+00
1837,1837,1.162168e+00
1838,1838,1.166436e+00
1839,1839,1.170704e+00
1840,1840,1.174971e+00
1841,1841,1.179239e+00
1842,1842,1.183506e+00
1843,1843,1.187774e+00
1844,1844,1.192042e+00
1845,1845,1.196309e+00
1846,1846,1.200577e+00
1847,1847,1.204844e+00
1848,1848,1.209112e+00
1849,1849,1.213379e+00
1850,1850,1.004383e+00
1851,1851,1.008766e+00
1852,1852,1.013149e+00
1853,1853,1.017532e+00
1854,1854,1.021915e+00
1855,1855,1.026298e+00
1856,1856,1.030681e+00
1857,1857,1.035063e+00
1858,1858,1.039446e+00
1859,1859,1.043829e+00
1860,1860,1.048212e+00
1861,1861,1.052595e+00
1862,1862,1.056978e+00
1863,1863,1.061361e+00
1864,1864,1.065744e+00
1865,1865,1.070127e+00
1866,1866,1.074510e+00
1867,1867,1.078893e+00
1868,1868,1.083276e+00
1869,1869,1.087659e+00
1870,1870,1.092042e+00
1871,1871,1.096424e+00
1872,1872,1.100807e+00
1873,1873,1.105190e+00
1874,1874,1.109573e+00
1875,1875,1.113956e+00
1876,1876,1.118339e+00
1877,1877,1.122722e+00
1878,1878,1.127105e+00
1879,1879,1.131488e+00
1880,1880,1.135871e+00
1881,1881,1.140254e+00
1882,1882,1.144637e+00
1883,1883,1.149020e+00
1884,1884,1.153403e+00
1885,1885,1.157785e+00
1886,1886,1.162168e+00
1887,1887,1.166551e+00
1888,1888,1.170934e+00
1889,1889,1.175317e+00
1890,1890,1.179700e+00
1891,1891,1.184083e+00
1892,1892,1.188466e+00
1893,1893,1.192849e+00
1894,1894,1.197232e+00
1895,1895,1.201615e+00
1896,1896,1.205998e+00
1897,1897,1.210381e+00
1898,1898,1.214764e+00
1899,1899,1.219146e+00
1900,1900,1.004498e+00
1901,1901,1.008997e+00
1902,1902,1.013495e+00
1903,1903,1.017993e+00
1904,1904,1.022491e+00
1905,1905,1.026990e+00
1906,1906,1.031488e+00
1907,1907,1.035986e+00
1908,1908,1.040484e+00
1909,1909,1.044983e+00
1910,1910,1.049481e+00
1911,1911,1.053979e+00
1912,1912,1.058478e+00
1913,1913,1.062976e+00
1914,1914,1.067474e+00
1915,1915,1.071972e+00
1916,1916,1.076471e+00
1917,1917,1.080969e+00
1918,1918,1.085467e+00
1919,1919,1.089965e+00
1920,1920,1.094464e+00
1921,1921,1.098962e+00
1922,1922,1.103460e+00
1923,1923,1.107958e+00
1924,1924,1.112457e+00
1925,1925,1.116955e+00
1926,1926,1.121453e+00
1927,1927,1.125952e+00
1928,1928,1.130450e+00
1929,1929,1.134948e+00
1930,1930,1.139446e+00
1931,1931,1.143945e+00
1932,1932,1.148443e+00
1933,1933,1.152941e+00
1934,1934,1.157439e+00
1935,1935,1.161938e+00
1936,1936,1.166436e+00
1937,1937,1.170934e+00
1938,1938,1.175433e+00
1939,1939,1.179931e+00
1940,1940,1.184429e+00
1941,1941,1.188927e+00
1942,1942,1.193426e+00
1943,1943,1.197924e+00
1944,1944,1.202422e+00
1945,1945,1.206920e+00
1946,1946,1.211419e+00
1947,1947,1.215917e+00
1948,1948,1.220415e+00
1949,1949,1.224913e+00
1950,1950,1.004614e+00
1951,1951,1.009227e+00
1952,1952,1.013841e+00
1953,1953,1.018454e+00
1954,1954,1.023068e+00
1955,1955,1.027682e+00
1956,1956,1.032295e+00
1957,1957,1.036909e+00
1958,1958,1.041522e+00
1959,1959,1.046136e+00
1960,1960,1.050750e+00
1961,1961,1.055363e+00
1962,1962,1.059977e+00
1963,1963,1.064591e+00
1964,1964,1.069204e+00
1965,1965,1.073818e+00
1966,1966,1.078431e+00
1967,1967,1.083045e+00
1968,1968,1.087659e+00
1969,1969,1.092272e+00
1970,1970,1.096886e+00
1971,1971,1.101499e+00
1972,1972,1.106113e+00
1973,1973,1.110727e+00
1974,1974,1.115340e+00
1975,1975,1.119954e+00
1976,1976,1.124567e+00
1977,1977,1.129181e+00
1978,1978,1.133795e+00
1979,1979,1.138408e+00
1980,1980,1.143022e+00
1981,1981,1.147636e+00
1982,1982,1.152249e+00
1983,1983,1.156863e+00
1984,1984,1.161476e+00
1985,1985,1.166090e+00
1986,1986,1.170704e+00
1987,1987,1.175317e+00
1988,1988,1.179931e+00
1989,1989,1.184544e+00
1990,1990,1.189158e+00
1991,1991,1.193772e+00
1992,1992,1.198385e+00
1993,1993,1.202999e+00
1994,1994,1.207612e+00
1995,1995,1.212226e+00
1996,1996,1.216840e+00
1997,1997,1.221453e+00
1998,1998,1.226067e+00
1999,1999,1.230681e+00
2000,2000,1.004729e+00
2001,2001,1.009458e+00
2002,2002,1.014187e+00
2003,2003,1.018916e+00
2004,2004,1.023645e+00
2005,2005,1.028374e+00
2006,2006,1.033103e+00
2007,2007,1.037832e+00
2008,2008,1.042561e+00
2009,2009,1.047290e+00
2010,2010,1.052018e+00
2011,2011,1.056747e+00
2012,2012,1.061476e+00
2013,2013,1.066205e+00
2014,2014,1.070934e+00
2015,2015,1.075663e+00
2016,2016,1.080392e+00
2017,2017,1.085121e+00
2018,2018,1.089850e+00
2019,2019,1.094579e+00
2020,2020,1.099308e+00
2021,2021,1.104037e+00
2022,2022,1.108766e+00
2023,2023,1.113495e+00
2024,2024,1.118224e+00
2025,2025,1.122953e+00
2026,2026,1.127682e+00
2027,2027,1.132411e+00
2028,2028,1.137140e+00
2029,2029,1.141869e+00
2030,2030,1.146597e+00
2031,2031,1.151326e+00
2032,2032,1.156055e+00
2033,2033,1.160784e+00
2034,2034,1.165513e+00
2035,2035,1.170242e+00
2036,2036,1.174971e+00
2037,2037,1.179700e+00
2038,2038,1.184429e+00
2039,2039,1.189158e+00
2040,2040,1.193887e+00
2041,2041,1.198616e+00
2042,2042,1.203345e+00
2043,2043,1.208074e+00
2044,2044,1.212803e+00
2045,2045,1.217532e+00
2046,2046,1.222261e+00
2047,2047,1.226990e+00
2048,2048,1.231719e+00
2049,2049,1.236448e+00
2050,2050,1.004844e+00
2051,2051,1.009689e+00
2052,2052,1.014533e+00
2053,2053,1.019377e+00
2054,2054,1.024221e+00
2055,2055,1.029066e+00
2056,2056,1.033910e+00
2057,2057,1.038754e+00
2058,2058,1.043599e+00
2059,2059,1.048443e+00
2060,2060,1.053287e+00
2061,2061,1.058131e+00
2062,2062,1.062976e+00
2063,2063,1.067820e+00
2064,2064,1.072664e+00
2065,2065,1.077509e+00
2066,2066,1.082353e+00
2067,2067,1.087197e+00
2068,2068,1.092042e+00
2069,2069,1.096886e+00
2070,2070,1.101730e+00
2071,2071,1.106574e+00
2072,2072,1.111419e+00
2073,2073,1.116263e+00
2074,2074,1.121107e+00
2075,2075,1.125952e+00
2076,2076,1.130796e+00
2077,2077,1.135640e+00
2078,2078,1.140484e+00
2079,2079,1.145329e+00
2080,2080,1.150173e+00
2081,2081,1.155017e+00
2082,2082,1.159862e+00
2083,2083,1.164706e+00
2084,2084,1.169550e+00
2085,2085,1.174394e+00
2086,2086,1.179239e+00
2087,2087,1.184083e+00
2088,2088,1.188927e+00
2089,2089,1.193772e+00
2090,2090,1.198616e+00
2091,2091,1.203460e+00
2092,2092,1.208304e+00
2093,2093,1.213149e+00
2094,2094,1.217993e+00
2095,2095,1.222837e+00
2096,2096,1.227682e+00
2097,2097,1.232526e+00
2098,2098,1.237370e+00
2099,2099,1.242215e+00
2100,2100,1.004960e+00
2101,2101,1.009919e+00
2102,2102,1.014879e+00
2103,2103,1.019839e+00
2104,2104,1.024798e+00
2105,2105,1.029758e+00
2106,2106,1.034717e+00
2107,2107,1.039677e+00
2108,2108,1.044637e+00
2109,2109,1.049596e+00
2110,2110,1.054556e+00
2111,2111,1.059516e+00
2112,2112,1.064475e+00
2113,2113,1.069435e+00
2114,2114,1.074394e+00
2115,2115,1.079354e+00
2116,2116,1.084314e+00
2117,2117,1.089273e+00
2118,2118,1.094233e+00
2119,2119,1.099193e+00
2120,2120,1.104152e+00
2121,2121,1.109112e+00
2122,2122,1.114072e+00
2123,2123,1.119031e+00
2124,2124,1.123991e+00
2125,2125,1.128950e+00
2126,2126,1.133910e+00
2127,2127,1.138870e+00
2128,2128,1.143829e+00
2129,2129,1.148789e+00
2130,2130,1.153749e+00
2131,2131,1.158708e+00
2132,2132,1.163668e+00
2133,2133,1.168627e+00
2134,2134,1.173587e+00
2135,2135,1.178547e+00
2136,2136,1.183506e+00
2137,2137,1.188466e+00
2138,2138,1.193426e+00
2139,2139,1.198385e+00
2140,2140,1.203345e+00
2141,2141,1.208304e+00
2142,2142,1.213264e+00
2143,2143,1.218224e+00
2144,2144,1.223183e+00
2145,2145,1.228143e+00
2146,2146,1.233103e+00
2147,2147,1.238062e+00
2148,2148,1.243022e+00
2149,2149,1.247982e+00
2150,2150,1.005075e+00
2151,2151,1.010150e+00
2152,2152,1.015225e+00
2153,2153,1.020300e+00
2154,2154,1.025375e+00
2155,2155,1.030450e+00
2156,2156,1.035525e+00
2157,2157,1.040600e+00
2158,2158,1.045675e+00
2159,2159,1.050750e+00
2160,2160,1.055825e+00
2161,2161,1.060900e+00
2162,2162,1.065975e+00
2163,2163,1.071050e+00
2164,2164,1.076125e+00
2165,2165,1.081200e+00
2166,2166,1.086275e+00
2167,2167,1.091349e+00
2168,2168,1.096424e+00
2169,2169,1.101499e+00
2170,2170,1.106574e+00
2171,2171,1.111649e+00
2172,2172,1.116724e+00
2173,2173,1.121799e+00
2174,2174,1.126874e+00
2175,2175,1.131949e+00
2176,2176,1.137024e+00
2177,2177,1.142099e+00
2178,2178,1.147174e+00
2179,2179,1.152249e+00
2180,2180,1.157324e+00
2181,2181,1.162399e+00
2182,2182,1.167474e+00
2183,2183,1.172549e+00
2184,2184,1.177624e+00
2185,2185,1.182699e+00
2186,2186,1.187774e+00
2187,2187,1.192849e+00
2188,2188,1.197924e+00
2189,2189,1.202999e+00
2190,2190,1.208074e+00
2191,2191,1.213149e+00
2192,2192,1.218224e+00
2193,2193,1.223299e+00
2194,2194,1.228374e+00
2195,2195,1.233449e+00
2196,2196,1.238524e+00
2197,2197,1.243599e+00
2198,2198,1.248674e+00
2199,2199,1.253749e+00
2200,2200,1.005190e+00
2201,2201,1.010381e+00
2202,2202,1.015571e+00
2203,2203,1.020761e+00
2204,2204,1.025952e+00
2205,2205,1.031142e+00
2206,2206,1.036332e+00
2207,2207,1.041522e+00
2208,2208,1.046713e+00
2209,2209,1.051903e+00
2210,2210,1.057093e+00
2211,2211,1.062284e+00
2212,2212,1.067474e+00
2213,2213,1.072664e+00
2214,2214,1.077855e+00
2215,2215,1.083045e+00
2216,2216,1.088235e+00
2217,2217,1.093426e+00
2218,2218,1.098616e+00
2219,2219,1.103806e+00
2220,2220,1.108997e+00
2221,2221,1.114187e+00
2222,2222,1.119377e+00
2223,2223,1.124567e+00
2224,2224,1.129758e+00
2225,2225,1.134948e+00
2226,2226,1.140138e+00
2227,2227,1.145329e+00
2228,2228,1.150519e+00
2229,2229,1.155709e+00
2230,2230,1.160900e+00
2231,2231,1.166090e+00
2232,2232,1.171280e+00
2233,2233,1.176471e+00
2234,2234,1.181661e+00
2235,2235,1.186851e+00
2236,2236,1.192042e+00
2237,2237,1.197232e+00
2238,2238,1.202422e+00
2239,2239,1.207612e+00
2240,2240,1.212803e+00
2241,2241,1.217993e+00
2242,2242,1.223183e+00
2243,2243,1.228374e+00
2244,2244,1.233564e+00
2245,2245,1.238754e+00
2246,2246,1.243945e+00
2247,2247,1.249135e+00
2248,2248,1.254325e+00
2249,2249,1.259516e+00
2250,2250,1.005306e+00
2251,2251,1.010611e+00
2252,2252,1.015917e+00
2253,2253,1.021223e+00
2254,2254,1.026528e+00
2255,2255,1.031834e+00
2256,2256,1.037140e+00
2257,2257,1.042445e+00
2258,2258,1.047751e+00
2259,2259,1.053057e+00
2260,2260,1.058362e+00
2261,2261,1.063668e+00
2262,2262,1.068973e+00
2263,2263,1.074279e+00
2264,2264,1.079585e+00
2265,2265,1.084890e+00
2266,2266,1.090196e+00
2267,2267,1.095502e+00
2268,2268,1.100807e+00
2269,2269,1.106113e+00
2270,2270,1.111419e+00
2271,2271,1.116724e+00
2272,2272,1.122030e+00
2273,2273,1.127336e+00
2274,2274,1.132641e+00
2275,2275,1.137947e+00
2276,2276,1.143253e+00
2277,2277,1.148558e+00
2278,2278,1.153864e+00
2279,2279,1.159170e+00
2280,2280,1.164475e+00
2281,2281,1.169781e+00
2282,2282,1.175087e+00
2283,2283,1.180392e+00
2284,2284,1.185698e+00
2285,2285,1.191003e+00
2286,2286,1.196309e+00
2287,2287,1.201615e+00
2288,2288,1.206920e+00
2289,2289,1.212226e+00
2290,2290,1.217532e+00
2291,2291,1.222837e+00
2292,2292,1.228143e+00
2293,2293,1.233449e+00
2294,2294,1.238754e+00
2295,2295,1.244060e+00
2296,2296,1.249366e+00
2297,2297,1.254671e+00
2298,2298,1.259977e+00
2299,2299,1.265283e+00
2300,2300,1.005421e+00
2301,2301,1.010842e+00
2302,2302,1.016263e+00
2303,2303,1.021684e+00
2304,2304,1.027105e+00
2305,2305,1.032526e+00
2306,2306,1.037947e+00
2307,2307,1.043368e+00
2308,2308,1.048789e+00
2309,2309,1.054210e+00
2310,2310,1.059631e+00
2311,2311,1.065052e+00
2312,2312,1.070473e+00
2313,2313,1.075894e+00
2314,2314,1.081315e+00
2315,2315,1.086736e+00
2316,2316,1.092157e+00
2317,2317,1.097578e+00
2318,2318,1.102999e+00
2319,2319,1.108420e+00
2320,2320,1.113841e+00
2321,2321,1.119262e+00
2322,2322,1.124683e+00
2323,2323,1.130104e+00
2324,2324,1.135525e+00
2325,2325,1.140946e+00
2326,2326,1.146367e+00
2327,2327,1.151788e+00
2328,2328,1.157209e+00
2329,2329,1.162630e+00
2330,2330,1.168051e+00
2331,2331,1.173472e+00
2332,2332,1.178893e+00
2333,2333,1.184314e+00
2334,2334,1.189735e+00
2335,2335,1.195156e+00
2336,2336,1.200577e+00
2337,2337,1.205998e+00
2338,2338,1.211419e+00
2339,2339,1.216840e+00
2340,2340,1.222261e+00
2341,2341,1.227682e+00
2342,2342,1.233103e+00
2343,2343,1.238524e+00
2344,2344,1.243945e+00
2345,2345,1.249366e+00
2346,2346,1.254787e+00
2347,2347,1.260208e+00
2348,2348,1.265629e+00
2349,2349,1.271050e+00
2350,2350,1.005536e+00
2351,2351,1.011073e+00
2352,2352,1.016609e+00
2353,2353,1.022145e+00
2354,2354,1.027682e+00
2355,2355,1.033218e+00
2356,2356,1.038754e+00
2357,2357,1.044291e+00
2358,2358,1.049827e+00
2359,2359,1.055363e+00
2360,2360,1.060900e+00
2361,2361,1.066436e+00
2362,2362,1.071972e+00
2363,2363,1.077509e+00
2364,2364,1.083045e+00
2365,2365,1.088581e+00
2366,2366,1.094118e+00
2367,2367,1.099654e+00
2368,2368,1.105190e+00
2369,2369,1.110727e+00
2370,2370,1.116263e+00
2371,2371,1.121799e+00
2372,2372,1.127336e+00
2373,2373,1.132872e+00
2374,2374,1.138408e+00
2375,2375,1.143945e+00
2376,2376,1.149481e+00
2377,2377,1.155017e+00
2378,2378,1.160554e+00
2379,2379,1.166090e+00
2380,2380,1.171626e+00
2381,2381,1.177163e+00
2382,2382,1.182699e+00
2383,2383,1.188235e+00
2384,2384,1.193772e+00
2385,2385,1.199308e+00
2386,2386,1.204844e+00
2387,2387,1.210381e+00
2388,2388,1.215917e+00
2389,2389,1.221453e+00
2390,2390,1.226990e+00
2391,2391,1.232526e+00
2392,2392,1.238062e+00
2393,2393,1.243599e+00
2394,2394,1.249135e+00
2395,2395,1.254671e+00
2396,2396,1.260208e+00
2397,2397,1.265744e+00
2398,2398,1.271280e+00
2399,2399,1.276817e+00
2400,2400,1.005652e+00
2401,2401,1.011303e+00
2402,2402,1.016955e+00
2403,2403,1.022607e+00
2404,2404,1.028258e+00
2405,2405,1.033910e+00
2406,2406,1.039562e+00
2407,2407,1.045213e+00
2408,2408,1.050865e+00
2409,2409,1.056517e+00
2410,2410,1.062168e+00
2411,2411,1.067820e+00
2412,2412,1.073472e+00
2413,2413,1.079123e+00
2414,2414,1.084775e+00
2415,2415,1.090427e+00
2416,2416,1.096078e+00
2417,2417,1.101730e+00
2418,2418,1.107382e+00
2419,2419,1.113033e+00
2420,2420,1.118685e+00
2421,2421,1.124337e+00
2422,2422,1.129988e+00
2423,2423,1.135640e+00
2424,2424,1.141292e+00
2425,2425,1.146943e+00
2426,2426,1.152595e+00
2427,2427,1.158247e+00
2428,2428,1.163899e+00
2429,2429,1.169550e+00
2430,2430,1.175202e+00
2431,2431,1.180854e+00
2432,2432,1.186505e+00
2433,2433,1.192157e+00
2434,2434,1.197809e+00
2435,2435,1.203460e+00
2436,2436,1.209112e+00
2437,2437,1.214764e+00
2438,2438,1.220415e+00
2439,2439,1.226067e+00
2440,2440,1.231719e+00
2441,2441,1.237370e+00
2442,2442,1.243022e+00
2443,2443,1.248674e+00
2444,2444,1.254325e+00
2445,2445,1.259977e+00
2446,2446,1.265629e+00
2447,2447,1.271280e+00
2448,2448,1.276932e+00
2449,2449,1.282584e+00
2450,2450,1.005767e+00
2451,2451,1.011534e+00
2452,2452,1.017301e+00
2453,2453,1.023068e+00
2454,2454,1.028835e+00
2455,2455,1.034602e+00
2456,2456,1.040369e+00
2457,2457,1.046136e+00
2458,2458,1.051903e+00
2459,2459,1.057670e+00
2460,2460,1.063437e+00
2461,2461,1.069204e+00
2462,2462,1.074971e+00
2463,2463,1.080738e+00
2464,2464,1.086505e+00
2465,2465,1.092272e+00
2466,2466,1.098039e+00
2467,2467,1.103806e+00
2468,2468,1.109573e+00
2469,2469,1.115340e+00
2470,2470,1.121107e+00
2471,2471,1.126874e+00
2472,2472,1.132641e+00
2473,2473,1.138408e+00
2474,2474,1.144175e+00
2475,2475,1.149942e+00
2476,2476,1.155709e+00
2477,2477,1.161476e+00
2478,2478,1.167243e+00
2479,2479,1.173010e+00
2480,2480,1.178777e+00
2481,2481,1.184544e+00
2482,2482,1.190311e+00
2483,2483,1.196078e+00
2484,2484,1.201845e+00
2485,2485,1.207612e+00
2486,2486,1.213379e+00
2487,2487,1.219146e+00
2488,2488,1.224913e+00
2489,2489,1.230681e+00
2490,2490,1.236448e+00
2491,2491,1.242215e+00
2492,2492,1.247982e+00
2493,2493,1.253749e+00
2494,2494,1.259516e+00
2495,2495,1.265283e+00
2496,2496,1.271050e+00
2497,2497,1.276817e+00
2498,2498,1.282584e+00
2499,2499,1.288351e+00
