0.019608,0.019608,0.021504
0.019608,0.039216,-0.039249
0.019608,0.058824,0.004170
0.019608,0.078431,0.031553
0.019608,0.098039,0.008309
0.019608,0.117647,-0.008008
0.019608,0.137255,0.021204
0.019608,0.156863,0.055670
0.019608,0.176471,0.009506
0.019608,0.196078,0.015496
0.019608,0.215686,-0.016553
0.019608,0.235294,-0.056771
0.019608,0.254902,0.019617
0.019608,0.274510,0.024765
0.019608,0.294118,-0.043361
0.019608,0.313725,0.005846
0.019608,0.333333,-0.001087
0.019608,0.352941,0.038197
0.019608,0.372549,0.028958
0.019608,0.392157,-0.040446
0.019608,0.411765,-0.040494
0.019608,0.431373,-0.039786
0.019608,0.450980,-0.006619
0.019608,0.470588,0.034705
0.019608,0.490196,-0.007540
0.019608,0.509804,0.016566
0.019608,0.529412,-0.023625
0.019608,0.549020,-0.056407
0.019608,0.568627,0.032456
0.019608,0.588235,0.025775
0.019608,0.607843,-0.038671
0.019608,0.627451,0.011473
0.019608,0.647059,0.044168
0.019608,0.666667,0.039834
0.019608,0.686275,-0.022981
0.019608,0.705882,-0.008658
0.019608,0.725490,0.030517
0.019608,0.745098,0.001405
0.019608,0.764706,0.028165
0.019608,0.784314,0.009218
0.019608,0.803922,-0.068380
0.019608,0.823529,0.031823
0.019608,0.843137,-0.020513
0.019608,0.862745,0.030939
0.019608,0.882353,-0.013037
0.019608,0.901961,0.027495
0.019608,0.921569,0.031407
0.019608,0.941176,0.014713
0.019608,0.960784,-0.003677
0.019608,0.980392,0.015997
0.039216,0.019608,-0.054086
0.039216,0.039216,0.038660
0.039216,0.058824,-0.021737
0.039216,0.078431,0.043792
0.039216,0.098039,-0.019846
0.039216,0.117647,-0.047466
0.039216,0.137255,-0.024956
0.039216,0.156863,0.013701
0.039216,0.176471,0.024325
0.039216,0.196078,0.006213
0.039216,0.215686,0.002103
0.039216,0.235294,-0.056557
0.039216,0.254902,-0.030487
0.039216,0.274510,-0.005012
0.039216,0.294118,0.002131
0.039216,0.313725,0.025427
0.039216,0.333333,0.047343
0.039216,0.352941,0.001345
0.039216,0.372549,0.061789
0.039216,0.392157,-0.020653
0.039216,0.411765,0.017816
0.039216,0.431373,0.002396
0.039216,0.450980,-0.034104
0.039216,0.470588,-0.033629
0.039216,0.490196,0.011536
0.039216,0.509804,0.014977
0.039216,0.529412,-0.001075
0.039216,0.549020,0.015274
0.039216,0.568627,-0.045516
0.039216,0.588235,-0.021621
0.039216,0.607843,-0.037201
0.039216,0.627451,0.053470
0.039216,0.647059,0.004866
0.039216,0.666667,0.039192
0.039216,0.686275,-0.020346
0.039216,0.705882,-0.024855
0.039216,0.725490,0.021449
0.039216,0.745098,0.031088
0.039216,0.764706,0.028598
0.039216,0.784314,-0.002879
0.039216,0.803922,-0.045282
0.039216,0.823529,0.011563
0.039216,0.843137,0.001800
0.039216,0.862745,0.031022
0.039216,0.882353,0.003144
0.039216,0.901961,-0.037209
0.039216,0.921569,-0.051378
0.039216,0.941176,0.018201
0.039216,0.960784,0.016618
0.039216,0.980392,0.023854
0.058824,0.019608,-0.014450
0.058824,0.039216,0.037714
0.058824,0.058824,-0.026581
0.058824,0.078431,0.037810
0.058824,0.098039,-0.012696
0.058824,0.117647,0.035652
0.058824,0.137255,0.008513
0.058824,0.156863,-0.029633
0.058824,0.176471,-0.040377
0.058824,0.196078,-0.019677
0.058824,0.215686,-0.008539
0.058824,0.235294,0.005101
0.058824,0.254902,0.045173
0.058824,0.274510,0.001822
0.058824,0.294118,0.000527
0.058824,0.313725,0.006821
0.058824,0.333333,0.021251
0.058824,0.352941,-0.002931
0.058824,0.372549,-0.066861
0.058824,0.392157,0.022941
0.058824,0.411765,0.021538
0.058824,0.431373,0.029575
0.058824,0.450980,0.002435
0.058824,0.470588,0.031980
0.058824,0.490196,0.018618
0.058824,0.509804,-0.019809
0.058824,0.529412,0.001242
0.058824,0.549020,0.031784
0.058824,0.568627,0.037304
0.058824,0.588235,0.010761
0.058824,0.607843,-0.023244
0.058824,0.627451,0.000974
0.058824,0.647059,-0.037362
0.058824,0.666667,0.010974
0.058824,0.686275,0.049252
0.058824,0.705882,0.019088
0.058824,0.725490,0.027139
0.058824,0.745098,0.003467
0.058824,0.764706,0.033073
0.058824,0.784314,0.021105
0.058824,0.803922,-0.009983
0.058824,0.823529,0.014118
0.058824,0.843137,0.041117
0.058824,0.862745,-0.012903
0.058824,0.882353,0.006298
0.058824,0.901961,0.023079
0.058824,0.921569,-0.000817
0.058824,0.941176,0.047551
0.058824,0.960784,0.030777
0.058824,0.980392,-0.005038
0.078431,0.019608,0.031864
0.078431,0.039216,-0.005277
0.078431,0.058824,-0.003336
0.078431,0.078431,0.030603
0.078431,0.098039,0.040074
0.078431,0.117647,0.031564
0.078431,0.137255,0.013623
0.078431,0.156863,-0.007436
0.078431,0.176471,-0.016848
0.078431,0.196078,-0.018339
0.078431,0.215686,0.014287
0.078431,0.235294,-0.002660
0.078431,0.254902,0.054654
0.078431,0.274510,0.001934
0.078431,0.294118,0.024437
0.078431,0.313725,0.022094
0.078431,0.333333,0.002557
0.078431,0.352941,0.028173
0.078431,0.372549,-0.039833
0.078431,0.392157,0.001210
0.078431,0.411765,0.014511
0.078431,0.431373,0.012771
0.078431,0.450980,0.020906
0.078431,0.470588,0.010910
0.078431,0.490196,-0.002725
0.078431,0.509804,0.045225
0.078431,0.529412,-0.009940
0.078431,0.549020,0.003303
0.078431,0.568627,0.022098
0.078431,0.588235,0.018536
0.078431,0.607843,-0.004732
0.078431,0.627451,0.058409
0.078431,0.647059,-0.028579
0.078431,0.666667,0.017794
0.078431,0.686275,0.019025
0.078431,0.705882,-0.022967
0.078431,0.725490,0.011589
0.078431,0.745098,-0.005229
0.078431,0.764706,0.017662
0.078431,0.784314,0.016191
0.078431,0.803922,-0.015686
0.078431,0.823529,0.018385
0.078431,0.843137,0.016852
0.078431,0.862745,-0.006307
0.078431,0.882353,0.027592
0.078431,0.901961,-0.022213
0.078431,0.921569,-0.016877
0.078431,0.941176,-0.012543
0.078431,0.960784,0.002266
0.078431,0.980392,0.041523
0.098039,0.019608,0.047666
0.098039,0.039216,-0.026807
0.098039,0.058824,0.010749
0.098039,0.078431,0.005179
0.098039,0.098039,-0.036193
0.098039,0.117647,-0.014084
0.098039,0.137255,0.024924
0.098039,0.156863,-0.014588
0.098039,0.176471,-0.015145
0.098039,0.196078,-0.018845
0.098039,0.215686,-0.016671
0.098039,0.235294,-0.016045
0.098039,0.254902,0.003143
0.098039,0.274510,0.009118
0.098039,0.294118,-0.002300
0.098039,0.313725,0.040387
0.098039,0.333333,0.002809
0.098039,0.352941,0.014405
0.098039,0.372549,0.008243
0.098039,0.392157,0.031276
0.098039,0.411765,0.020011
0.098039,0.431373,0.011141
0.098039,0.450980,0.000338
0.098039,0.470588,0.016060
0.098039,0.490196,-0.023366
0.098039,0.509804,-0.038229
0.098039,0.529412,0.028783
0.098039,0.549020,-0.015096
0.098039,0.568627,-0.026698
0.098039,0.588235,0.017535
0.098039,0.607843,-0.015258
0.098039,0.627451,-0.025906
0.098039,0.647059,-0.008678
0.098039,0.666667,0.047110
0.098039,0.686275,-0.003522
0.098039,0.705882,-0.009772
0.098039,0.725490,-0.002058
0.098039,0.745098,0.025908
0.098039,0.764706,-0.014092
0.098039,0.784314,0.030025
0.098039,0.803922,-0.013635
0.098039,0.823529,0.009723
0.098039,0.843137,-0.019624
0.098039,0.862745,-0.011926
0.098039,0.882353,-0.012706
0.098039,0.901961,-0.002150
0.098039,0.921569,0.007192
0.098039,0.941176,-0.001033
0.098039,0.960784,-0.011593
0.098039,0.980392,-0.011943
0.117647,0.019608,-0.007129
0.117647,0.039216,0.010826
0.117647,0.058824,0.004086
0.117647,0.078431,0.010201
0.117647,0.098039,0.051778
0.117647,0.117647,0.033600
0.117647,0.137255,-0.000998
0.117647,0.156863,-0.028378
0.117647,0.176471,0.049562
0.117647,0.196078,0.004304
0.117647,0.215686,0.021253
0.117647,0.235294,0.001127
0.117647,0.254902,0.025711
0.117647,0.274510,-0.005299
0.117647,0.294118,-0.009417
0.117647,0.313725,0.004948
0.117647,0.333333,-0.007788
0.117647,0.352941,0.005147
0.117647,0.372549,0.017698
0.117647,0.392157,-0.007351
0.117647,0.411765,-0.000249
0.117647,0.431373,0.005412
0.117647,0.450980,0.001046
0.117647,0.470588,-0.021178
0.117647,0.490196,0.019353
0.117647,0.509804,-0.002125
0.117647,0.529412,-0.011526
0.117647,0.549020,-0.013617
0.117647,0.568627,-0.001515
0.117647,0.588235,-0.047398
0.117647,0.607843,0.006584
0.117647,0.627451,-0.005665
0.117647,0.647059,0.009266
0.117647,0.666667,-0.059406
0.117647,0.686275,-0.008703
0.117647,0.705882,-0.011331
0.117647,0.725490,0.022009
0.117647,0.745098,0.010419
0.117647,0.764706,0.000440
0.117647,0.784314,0.017920
0.117647,0.803922,0.006275
0.117647,0.823529,-0.000945
0.117647,0.843137,0.019072
0.117647,0.862745,-0.002386
0.117647,0.882353,-0.012285
0.117647,0.901961,0.013803
0.117647,0.921569,0.020195
0.117647,0.941176,-0.011592
0.117647,0.960784,-0.009749
0.117647,0.980392,-0.010685
0.137255,0.019608,-0.016331
0.137255,0.039216,0.021870
0.137255,0.058824,-0.031114
0.137255,0.078431,-0.001855
0.137255,0.098039,0.000287
0.137255,0.117647,0.030251
0.137255,0.137255,-0.003505
0.137255,0.156863,0.015479
0.137255,0.176471,0.005347
0.137255,0.196078,-0.015542
0.137255,0.215686,0.022412
0.137255,0.235294,0.007275
0.137255,0.254902,0.029343
0.137255,0.274510,-0.011604
0.137255,0.294118,-0.028746
0.137255,0.313725,-0.015586
0.137255,0.333333,-0.013563
0.137255,0.352941,-0.012834
0.137255,0.372549,-0.016518
0.137255,0.392157,0.016526
0.137255,0.411765,-0.006672
0.137255,0.431373,0.039119
0.137255,0.450980,0.000908
0.137255,0.470588,0.014180
0.137255,0.490196,0.022233
0.137255,0.509804,-0.009996
0.137255,0.529412,-0.005078
0.137255,0.549020,-0.021544
0.137255,0.568627,0.025002
0.137255,0.588235,0.001935
0.137255,0.607843,0.020347
0.137255,0.627451,-0.011537
0.137255,0.647059,0.011906
0.137255,0.666667,0.017068
0.137255,0.686275,0.011772
0.137255,0.705882,0.001536
0.137255,0.725490,-0.017418
0.137255,0.745098,0.006853
0.137255,0.764706,-0.022877
0.137255,0.784314,0.002327
0.137255,0.803922,-0.026106
0.137255,0.823529,-0.004452
0.137255,0.843137,0.000775
0.137255,0.862745,-0.013295
0.137255,0.882353,0.004153
0.137255,0.901961,-0.034527
0.137255,0.921569,-0.013507
0.137255,0.941176,0.001106
0.137255,0.960784,0.000662
0.137255,0.980392,0.035526
0.156863,0.019608,-0.026484
0.156863,0.039216,0.016088
0.156863,0.058824,0.029573
0.156863,0.078431,-0.003002
0.156863,0.098039,-0.007263
0.156863,0.117647,0.026239
0.156863,0.137255,0.008997
0.156863,0.156863,0.010362
0.156863,0.176471,-0.008511
0.156863,0.196078,0.017510
0.156863,0.215686,0.000518
0.156863,0.235294,0.013129
0.156863,0.254902,-0.005939
0.156863,0.274510,0.010041
0.156863,0.294118,0.004696
0.156863,0.313725,-0.005010
0.156863,0.333333,0.002636
0.156863,0.352941,-0.028826
0.156863,0.372549,0.000312
0.156863,0.392157,0.007820
0.156863,0.411765,0.018875
0.156863,0.431373,-0.009180
0.156863,0.450980,0.027892
0.156863,0.470588,0.003538
0.156863,0.490196,0.024524
0.156863,0.509804,-0.032866
0.156863,0.529412,0.001718
0.156863,0.549020,0.016440
0.156863,0.568627,-0.027037
0.156863,0.588235,-0.014716
0.156863,0.607843,0.028245
0.156863,0.627451,0.010572
0.156863,0.647059,-0.011780
0.156863,0.666667,-0.014826
0.156863,0.686275,0.011604
0.156863,0.705882,0.017505
0.156863,0.725490,0.011785
0.156863,0.745098,-0.016239
0.156863,0.764706,0.006611
0.156863,0.784314,0.010540
0.156863,0.803922,-0.002992
0.156863,0.823529,0.008059
0.156863,0.843137,0.008641
0.156863,0.862745,-0.009651
0.156863,0.882353,-0.024572
0.156863,0.901961,-0.010781
0.156863,0.921569,0.001150
0.156863,0.941176,-0.004479
0.156863,0.960784,-0.008053
0.156863,0.980392,-0.022611
0.176471,0.019608,0.004347
0.176471,0.039216,-0.036974
0.176471,0.058824,-0.001433
0.176471,0.078431,-0.003576
0.176471,0.098039,-0.004694
0.176471,0.117647,0.026980
0.176471,0.137255,-0.015801
0.176471,0.156863,-0.001520
0.176471,0.176471,-0.037870
0.176471,0.196078,0.026596
0.176471,0.215686,-0.007420
0.176471,0.235294,0.014309
0.176471,0.254902,0.004999
0.176471,0.274510,-0.002392
0.176471,0.294118,0.024212
0.176471,0.313725,0.009229
0.176471,0.333333,0.012899
0.176471,0.352941,-0.007411
0.176471,0.372549,-0.010876
0.176471,0.392157,-0.019095
0.176471,0.411765,0.010145
0.176471,0.431373,0.002824
0.176471,0.450980,-0.005325
0.176471,0.470588,0.016601
0.176471,0.490196,-0.012746
0.176471,0.509804,0.004687
0.176471,0.529412,-0.006708
0.176471,0.549020,-0.030585
0.176471,0.568627,0.013132
0.176471,0.588235,0.014131
0.176471,0.607843,0.008067
0.176471,0.627451,0.023865
0.176471,0.647059,-0.009092
0.176471,0.666667,-0.014897
0.176471,0.686275,0.010817
0.176471,0.705882,0.002307
0.176471,0.725490,-0.020402
0.176471,0.745098,0.012831
0.176471,0.764706,0.008018
0.176471,0.784314,0.012190
0.176471,0.803922,-0.003184
0.176471,0.823529,-0.030578
0.176471,0.843137,-0.002685
0.176471,0.862745,-0.027227
0.176471,0.882353,0.030175
0.176471,0.901961,0.000036
0.176471,0.921569,-0.017639
0.176471,0.941176,0.007139
0.176471,0.960784,0.016486
0.176471,0.980392,-0.006137
0.196078,0.019608,-0.000633
0.196078,0.039216,0.012974
0.196078,0.058824,-0.030245
0.196078,0.078431,-0.005344
0.196078,0.098039,0.010648
0.196078,0.117647,-0.001700
0.196078,0.137255,-0.020881
0.196078,0.156863,0.010671
0.196078,0.176471,-0.006750
0.196078,0.196078,0.022041
0.196078,0.215686,-0.029089
0.196078,0.235294,0.014496
0.196078,0.254902,0.003396
0.196078,0.274510,0.020365
0.196078,0.294118,0.001210
0.196078,0.313725,-0.021035
0.196078,0.333333,0.004343
0.196078,0.352941,0.015219
0.196078,0.372549,0.000333
0.196078,0.392157,-0.004891
0.196078,0.411765,0.016552
0.196078,0.431373,-0.012940
0.196078,0.450980,-0.009975
0.196078,0.470588,0.010404
0.196078,0.490196,0.000980
0.196078,0.509804,-0.008537
0.196078,0.529412,0.005052
0.196078,0.549020,-0.016132
0.196078,0.568627,0.020451
0.196078,0.588235,0.014214
0.196078,0.607843,-0.020244
0.196078,0.627451,0.002946
0.196078,0.647059,0.005207
0.196078,0.666667,0.007370
0.196078,0.686275,-0.026713
0.196078,0.705882,0.027439
0.196078,0.725490,-0.027456
0.196078,0.745098,0.004005
0.196078,0.764706,0.008342
0.196078,0.784314,-0.006627
0.196078,0.803922,0.021822
0.196078,0.823529,0.039662
0.196078,0.843137,-0.008589
0.196078,0.862745,-0.006077
0.196078,0.882353,0.002541
0.196078,0.901961,-0.021498
0.196078,0.921569,-0.003435
0.196078,0.941176,0.030140
0.196078,0.960784,-0.004925
0.196078,0.980392,0.002397
0.215686,0.019608,0.017982
0.215686,0.039216,-0.011086
0.215686,0.058824,0.000106
0.215686,0.078431,0.008007
0.215686,0.098039,-0.008066
0.215686,0.117647,0.019263
0.215686,0.137255,0.006535
0.215686,0.156863,-0.009265
0.215686,0.176471,0.000177
0.215686,0.196078,0.013628
0.215686,0.215686,-0.000506
0.215686,0.235294,0.005411
0.215686,0.254902,0.005314
0.215686,0.274510,0.023785
0.215686,0.294118,0.007142
0.215686,0.313725,0.001251
0.215686,0.333333,-0.012836
0.215686,0.352941,-0.021906
0.215686,0.372549,-0.024465
0.215686,0.392157,0.010342
0.215686,0.411765,0.003685
0.215686,0.431373,-0.015457
0.215686,0.450980,0.004296
0.215686,0.470588,0.011491
0.215686,0.490196,0.019391
0.215686,0.509804,0.004702
0.215686,0.529412,-0.020406
0.215686,0.549020,0.005329
0.215686,0.568627,-0.053523
0.215686,0.588235,-0.011766
0.215686,0.607843,0.001862
0.215686,0.627451,0.001051
0.215686,0.647059,0.002274
0.215686,0.666667,-0.002235
0.215686,0.686275,0.022382
0.215686,0.705882,-0.004100
0.215686,0.725490,0.010835
0.215686,0.745098,-0.004373
0.215686,0.764706,-0.001903
0.215686,0.784314,-0.010071
0.215686,0.803922,0.031234
0.215686,0.823529,-0.026960
0.215686,0.843137,0.002139
0.215686,0.862745,-0.004830
0.215686,0.882353,0.009646
0.215686,0.901961,0.009802
0.215686,0.921569,-0.009158
0.215686,0.941176,0.006468
0.215686,0.960784,0.023954
0.215686,0.980392,0.006056
0.235294,0.019608,0.000136
0.235294,0.039216,-0.010185
0.235294,0.058824,0.007354
0.235294,0.078431,0.012292
0.235294,0.098039,0.011057
0.235294,0.117647,-0.012178
0.235294,0.137255,-0.022873
0.235294,0.156863,0.000518
0.235294,0.176471,0.010951
0.235294,0.196078,0.008113
0.235294,0.215686,0.026159
0.235294,0.235294,-0.018936
0.235294,0.254902,-0.033520
0.235294,0.274510,-0.019473
0.235294,0.294118,-0.009417
0.235294,0.313725,-0.023812
0.235294,0.333333,-0.008844
0.235294,0.352941,-0.006746
0.235294,0.372549,0.021796
0.235294,0.392157,0.006940
0.235294,0.411765,-0.012541
0.235294,0.431373,0.019716
0.235294,0.450980,0.026305
0.235294,0.470588,-0.008874
0.235294,0.490196,0.015865
0.235294,0.509804,0.002915
0.235294,0.529412,0.002045
0.235294,0.549020,0.005162
0.235294,0.568627,0.006212
0.235294,0.588235,-0.002170
0.235294,0.607843,0.004991
0.235294,0.627451,0.007571
0.235294,0.647059,0.040935
0.235294,0.666667,0.015493
0.235294,0.686275,0.015236
0.235294,0.705882,-0.015864
0.235294,0.725490,-0.000985
0.235294,0.745098,-0.018986
0.235294,0.764706,-0.008322
0.235294,0.784314,-0.014228
0.235294,0.803922,-0.008853
0.235294,0.823529,-0.018526
0.235294,0.843137,-0.019160
0.235294,0.862745,-0.011665
0.235294,0.882353,0.000487
0.235294,0.901961,0.017764
0.235294,0.921569,0.001500
0.235294,0.941176,0.002201
0.235294,0.960784,-0.023997
0.235294,0.980392,-0.002263
0.254902,0.019608,-0.006766
0.254902,0.039216,0.017331
0.254902,0.058824,0.015677
0.254902,0.078431,-0.028451
0.254902,0.098039,-0.033733
0.254902,0.117647,-0.007759
0.254902,0.137255,-0.015545
0.254902,0.156863,0.004815
0.254902,0.176471,0.012437
0.254902,0.196078,-0.009242
0.254902,0.215686,0.003155
0.254902,0.235294,0.033371
0.254902,0.254902,-0.005621
0.254902,0.274510,-0.012859
0.254902,0.294118,0.005055
0.254902,0.313725,-0.004597
0.254902,0.333333,0.015414
0.254902,0.352941,0.013933
0.254902,0.372549,-0.016675
0.254902,0.392157,0.008677
0.254902,0.411765,0.008939
0.254902,0.431373,-0.004784
0.254902,0.450980,-0.010359
0.254902,0.470588,0.002481
0.254902,0.490196,0.023908
0.254902,0.509804,0.000145
0.254902,0.529412,0.006829
0.254902,0.549020,-0.036807
0.254902,0.568627,0.009398
0.254902,0.588235,-0.012667
0.254902,0.607843,-0.013692
0.254902,0.627451,0.007285
0.254902,0.647059,-0.006564
0.254902,0.666667,-0.028987
0.254902,0.686275,0.012676
0.254902,0.705882,0.004197
0.254902,0.725490,0.001139
0.254902,0.745098,0.030839
0.254902,0.764706,-0.029991
0.254902,0.784314,-0.004208
0.254902,0.803922,0.018242
0.254902,0.823529,0.004851
0.254902,0.843137,0.002066
0.254902,0.862745,-0.028473
0.254902,0.882353,-0.006047
0.254902,0.901961,-0.003472
0.254902,0.921569,0.010009
0.254902,0.941176,-0.008472
0.254902,0.960784,0.009025
0.254902,0.980392,0.016796
0.274510,0.019608,-0.015729
0.274510,0.039216,0.018989
0.274510,0.058824,-0.014646
0.274510,0.078431,-0.012429
0.274510,0.098039,-0.007936
0.274510,0.117647,-0.012937
0.274510,0.137255,-0.011636
0.274510,0.156863,0.010593
0.274510,0.176471,-0.022188
0.274510,0.196078,-0.027949
0.274510,0.215686,-0.043848
0.274510,0.235294,0.001345
0.274510,0.254902,-0.009027
0.274510,0.274510,-0.020584
0.274510,0.294118,-0.015816
0.274510,0.313725,0.012536
0.274510,0.333333,-0.010821
0.274510,0.352941,0.005955
0.274510,0.372549,0.005968
0.274510,0.392157,0.008127
0.274510,0.411765,-0.019320
0.274510,0.431373,-0.009223
0.274510,0.450980,-0.019073
0.274510,0.470588,-0.004582
0.274510,0.490196,-0.002510
0.274510,0.509804,-0.021690
0.274510,0.529412,-0.003885
0.274510,0.549020,-0.007303
0.274510,0.568627,0.000184
0.274510,0.588235,-0.010598
0.274510,0.607843,-0.002140
0.274510,0.627451,-0.003286
0.274510,0.647059,0.013009
0.274510,0.666667,-0.016185
0.274510,0.686275,0.005131
0.274510,0.705882,0.003319
0.274510,0.725490,-0.034730
0.274510,0.745098,-0.018291
0.274510,0.764706,0.028864
0.274510,0.784314,0.037778
0.274510,0.803922,0.006117
0.274510,0.823529,0.007808
0.274510,0.843137,0.001172
0.274510,0.862745,-0.019498
0.274510,0.882353,-0.021989
0.274510,0.901961,0.013932
0.274510,0.921569,0.008992
0.274510,0.941176,-0.007544
0.274510,0.960784,0.003069
0.274510,0.980392,-0.012422
0.294118,0.019608,0.018848
0.294118,0.039216,0.011645
0.294118,0.058824,0.030438
0.294118,0.078431,-0.017898
0.294118,0.098039,0.001670
0.294118,0.117647,0.036572
0.294118,0.137255,-0.004856
0.294118,0.156863,-0.014854
0.294118,0.176471,0.017235
0.294118,0.196078,-0.016554
0.294118,0.215686,0.005298
0.294118,0.235294,0.046878
0.294118,0.254902,-0.019640
0.294118,0.274510,0.001988
0.294118,0.294118,0.002309
0.294118,0.313725,-0.001114
0.294118,0.333333,0.001897
0.294118,0.352941,-0.014533
0.294118,0.372549,-0.008609
0.294118,0.392157,0.001966
0.294118,0.411765,0.001280
0.294118,0.431373,0.002701
0.294118,0.450980,0.003310
0.294118,0.470588,-0.012827
0.294118,0.490196,0.031823
0.294118,0.509804,0.020614
0.294118,0.529412,-0.014909
0.294118,0.549020,-0.016019
0.294118,0.568627,-0.001911
0.294118,0.588235,-0.013881
0.294118,0.607843,-0.004079
0.294118,0.627451,0.008543
0.294118,0.647059,-0.008818
0.294118,0.666667,-0.011668
0.294118,0.686275,0.002235
0.294118,0.705882,-0.023908
0.294118,0.725490,0.004017
0.294118,0.745098,-0.014804
0.294118,0.764706,0.007050
0.294118,0.784314,-0.016146
0.294118,0.803922,0.003256
0.294118,0.823529,0.010893
0.294118,0.843137,0.037248
0.294118,0.862745,0.015345
0.294118,0.882353,0.023382
0.294118,0.901961,-0.005945
0.294118,0.921569,0.002133
0.294118,0.941176,0.006306
0.294118,0.960784,-0.006890
0.294118,0.980392,0.010563
0.313725,0.019608,0.023967
0.313725,0.039216,-0.007300
0.313725,0.058824,0.025048
0.313725,0.078431,0.047833
0.313725,0.098039,0.006341
0.313725,0.117647,0.007703
0.313725,0.137255,0.028862
0.313725,0.156863,-0.011048
0.313725,0.176471,-0.017328
0.313725,0.196078,-0.038836
0.313725,0.215686,0.006502
0.313725,0.235294,0.008218
0.313725,0.254902,0.000623
0.313725,0.274510,0.017931
0.313725,0.294118,0.025588
0.313725,0.313725,-0.016504
0.313725,0.333333,0.008872
0.313725,0.352941,0.025819
0.313725,0.372549,-0.022664
0.313725,0.392157,0.019752
0.313725,0.411765,-0.005826
0.313725,0.431373,0.006057
0.313725,0.450980,0.004707
0.313725,0.470588,-0.009796
0.313725,0.490196,-0.003463
0.313725,0.509804,0.013245
0.313725,0.529412,0.012160
0.313725,0.549020,-0.002086
0.313725,0.568627,-0.019139
0.313725,0.588235,0.002103
0.313725,0.607843,0.037943
0.313725,0.627451,0.015580
0.313725,0.647059,0.034559
0.313725,0.666667,-0.004544
0.313725,0.686275,-0.008566
0.313725,0.705882,0.013512
0.313725,0.725490,-0.020488
0.313725,0.745098,-0.005457
0.313725,0.764706,-0.013999
0.313725,0.784314,-0.005523
0.313725,0.803922,-0.003157
0.313725,0.823529,-0.001150
0.313725,0.843137,-0.003250
0.313725,0.862745,-0.004028
0.313725,0.882353,0.029243
0.313725,0.901961,-0.014888
0.313725,0.921569,-0.000577
0.313725,0.941176,-0.008350
0.313725,0.960784,-0.019760
0.313725,0.980392,0.003549
0.333333,0.019608,0.027802
0.333333,0.039216,-0.015826
0.333333,0.058824,-0.033915
0.333333,0.078431,-0.001307
0.333333,0.098039,0.009794
0.333333,0.117647,-0.028813
0.333333,0.137255,0.014993
0.333333,0.156863,-0.008983
0.333333,0.176471,-0.001415
0.333333,0.196078,-0.027965
0.333333,0.215686,0.010103
0.333333,0.235294,0.035576
0.333333,0.254902,0.003983
0.333333,0.274510,-0.028323
0.333333,0.294118,0.005494
0.333333,0.313725,-0.018318
0.333333,0.333333,0.026168
0.333333,0.352941,-0.013106
0.333333,0.372549,-0.018240
0.333333,0.392157,0.010092
0.333333,0.411765,0.008490
0.333333,0.431373,0.017219
0.333333,0.450980,0.038061
0.333333,0.470588,-0.012011
0.333333,0.490196,0.014358
0.333333,0.509804,-0.005037
0.333333,0.529412,0.001541
0.333333,0.549020,0.004049
0.333333,0.568627,0.007350
0.333333,0.588235,0.020958
0.333333,0.607843,0.016141
0.333333,0.627451,0.010850
0.333333,0.647059,0.026432
0.333333,0.666667,-0.016694
0.333333,0.686275,0.009459
0.333333,0.705882,-0.010839
0.333333,0.725490,0.007069
0.333333,0.745098,-0.015278
0.333333,0.764706,0.012748
0.333333,0.784314,0.010978
0.333333,0.803922,-0.053894
0.333333,0.823529,0.003827
0.333333,0.843137,0.014232
0.333333,0.862745,0.031677
0.333333,0.882353,0.002468
0.333333,0.901961,0.032488
0.333333,0.921569,-0.005242
0.333333,0.941176,-0.004593
0.333333,0.960784,-0.011572
0.333333,0.980392,0.006253
0.352941,0.019608,0.005695
0.352941,0.039216,-0.002354
0.352941,0.058824,-0.021621
0.352941,0.078431,-0.004622
0.352941,0.098039,0.000577
0.352941,0.117647,0.012589
0.352941,0.137255,-0.011080
0.352941,0.156863,0.036200
0.352941,0.176471,-0.004838
0.352941,0.196078,0.002510
0.352941,0.215686,0.013542
0.352941,0.235294,0.029444
0.352941,0.254902,-0.032052
0.352941,0.274510,-0.000914
0.352941,0.294118,-0.010310
0.352941,0.313725,-0.013949
0.352941,0.333333,-0.029233
0.352941,0.352941,-0.034486
0.352941,0.372549,-0.017399
0.352941,0.392157,-0.016004
0.352941,0.411765,-0.011984
0.352941,0.431373,-0.003021
0.352941,0.450980,-0.001513
0.352941,0.470588,0.009729
0.352941,0.490196,-0.012221
0.352941,0.509804,-0.015079
0.352941,0.529412,-0.017702
0.352941,0.549020,0.018445
0.352941,0.568627,-0.025707
0.352941,0.588235,-0.002086
0.352941,0.607843,0.022125
0.352941,0.627451,0.022571
0.352941,0.647059,-0.021062
0.352941,0.666667,-0.025190
0.352941,0.686275,0.035025
0.352941,0.705882,0.001333
0.352941,0.725490,-0.029964
0.352941,0.745098,-0.031379
0.352941,0.764706,0.017455
0.352941,0.784314,0.007711
0.352941,0.803922,0.019479
0.352941,0.823529,0.004203
0.352941,0.843137,-0.023824
0.352941,0.862745,0.017967
0.352941,0.882353,-0.005451
0.352941,0.901961,0.009513
0.352941,0.921569,-0.002617
0.352941,0.941176,-0.002606
0.352941,0.960784,-0.021801
0.352941,0.980392,0.018722
0.372549,0.019608,0.007190
0.372549,0.039216,0.017219
0.372549,0.058824,-0.015461
0.372549,0.078431,-0.001353
0.372549,0.098039,-0.010732
0.372549,0.117647,-0.000952
0.372549,0.137255,-0.011882
0.372549,0.156863,-0.009339
0.372549,0.176471,0.002776
0.372549,0.196078,0.001350
0.372549,0.215686,-0.006697
0.372549,0.235294,0.067135
0.372549,0.254902,-0.000102
0.372549,0.274510,-0.002503
0.372549,0.294118,-0.003443
0.372549,0.313725,0.025359
0.372549,0.333333,-0.019924
0.372549,0.352941,0.021093
0.372549,0.372549,-0.019476
0.372549,0.392157,-0.036902
0.372549,0.411765,0.006266
0.372549,0.431373,0.002160
0.372549,0.450980,-0.037571
0.372549,0.470588,-0.014414
0.372549,0.490196,-0.015238
0.372549,0.509804,-0.017876
0.372549,0.529412,0.033350
0.372549,0.549020,0.010761
0.372549,0.568627,-0.000892
0.372549,0.588235,-0.006979
0.372549,0.607843,-0.017794
0.372549,0.627451,0.015018
0.372549,0.647059,0.018793
0.372549,0.666667,0.032183
0.372549,0.686275,-0.017066
0.372549,0.705882,-0.000061
0.372549,0.725490,0.002000
0.372549,0.745098,-0.013280
0.372549,0.764706,0.019731
0.372549,0.784314,0.001796
0.372549,0.803922,0.009721
0.372549,0.823529,0.017302
0.372549,0.843137,-0.014697
0.372549,0.862745,0.025268
0.372549,0.882353,0.017094
0.372549,0.901961,0.018076
0.372549,0.921569,-0.006135
0.372549,0.941176,-0.000196
0.372549,0.960784,-0.006371
0.372549,0.980392,0.019194
0.392157,0.019608,-0.033616
0.392157,0.039216,0.027898
0.392157,0.058824,0.054010
0.392157,0.078431,0.022835
0.392157,0.098039,0.025152
0.392157,0.117647,-0.007317
0.392157,0.137255,0.003175
0.392157,0.156863,0.037398
0.392157,0.176471,-0.016901
0.392157,0.196078,0.009025
0.392157,0.215686,0.014711
0.392157,0.235294,0.018313
0.392157,0.254902,-0.012570
0.392157,0.274510,-0.003477
0.392157,0.294118,0.017022
0.392157,0.313725,0.016236
0.392157,0.333333,0.001482
0.392157,0.352941,0.003039
0.392157,0.372549,-0.021724
0.392157,0.392157,-0.000908
0.392157,0.411765,-0.026504
0.392157,0.431373,0.008085
0.392157,0.450980,0.011926
0.392157,0.470588,-0.025488
0.392157,0.490196,0.003501
0.392157,0.509804,-0.002202
0.392157,0.529412,-0.002758
0.392157,0.549020,0.002833
0.392157,0.568627,-0.039918
0.392157,0.588235,-0.023758
0.392157,0.607843,0.014575
0.392157,0.627451,0.023412
0.392157,0.647059,-0.031412
0.392157,0.666667,0.008286
0.392157,0.686275,0.023966
0.392157,0.705882,0.026544
0.392157,0.725490,-0.012321
0.392157,0.745098,-0.004778
0.392157,0.764706,0.032061
0.392157,0.784314,0.009976
0.392157,0.803922,-0.017901
0.392157,0.823529,-0.001184
0.392157,0.843137,0.007684
0.392157,0.862745,-0.027010
0.392157,0.882353,0.000285
0.392157,0.901961,0.020853
0.392157,0.921569,-0.035206
0.392157,0.941176,0.011752
0.392157,0.960784,-0.004812
0.392157,0.980392,-0.003992
0.411765,0.019608,-0.029410
0.411765,0.039216,-0.004223
0.411765,0.058824,0.051760
0.411765,0.078431,0.002787
0.411765,0.098039,0.020759
0.411765,0.117647,0.025542
0.411765,0.137255,-0.000267
0.411765,0.156863,-0.020981
0.411765,0.176471,-0.000848
0.411765,0.196078,-0.009788
0.411765,0.215686,-0.048174
0.411765,0.235294,0.024416
0.411765,0.254902,0.018516
0.411765,0.274510,0.013946
0.411765,0.294118,-0.021580
0.411765,0.313725,-0.004161
0.411765,0.333333,-0.039479
0.411765,0.352941,0.007826
0.411765,0.372549,0.017641
0.411765,0.392157,-0.017797
0.411765,0.411765,0.014268
0.411765,0.431373,0.008017
0.411765,0.450980,-0.007246
0.411765,0.470588,-0.017268
0.411765,0.490196,-0.005080
0.411765,0.509804,-0.027898
0.411765,0.529412,0.010216
0.411765,0.549020,-0.018422
0.411765,0.568627,0.025733
0.411765,0.588235,0.006483
0.411765,0.607843,0.033487
0.411765,0.627451,0.010220
0.411765,0.647059,-0.022963
0.411765,0.666667,0.002357
0.411765,0.686275,0.017704
0.411765,0.705882,-0.010761
0.411765,0.725490,0.018347
0.411765,0.745098,0.054672
0.411765,0.764706,-0.009969
0.411765,0.784314,-0.030209
0.411765,0.803922,0.010524
0.411765,0.823529,-0.004529
0.411765,0.843137,-0.033297
0.411765,0.862745,0.012622
0.411765,0.882353,0.003690
0.411765,0.901961,-0.003861
0.411765,0.921569,0.009761
0.411765,0.941176,-0.027429
0.411765,0.960784,-0.019464
0.411765,0.980392,0.011788
0.431373,0.019608,0.006022
0.431373,0.039216,0.017091
0.431373,0.058824,0.010504
0.431373,0.078431,-0.000800
0.431373,0.098039,-0.008655
0.431373,0.117647,-0.015545
0.431373,0.137255,-0.029757
0.431373,0.156863,-0.015467
0.431373,0.176471,0.017175
0.431373,0.196078,0.004429
0.431373,0.215686,0.020655
0.431373,0.235294,0.007035
0.431373,0.254902,-0.030744
0.431373,0.274510,0.009361
0.431373,0.294118,-0.071176
0.431373,0.313725,0.010629
0.431373,0.333333,0.011428
0.431373,0.352941,0.016091
0.431373,0.372549,0.010623
0.431373,0.392157,-0.003640
0.431373,0.411765,0.001917
0.431373,0.431373,-0.018230
0.431373,0.450980,0.036724
0.431373,0.470588,0.019045
0.431373,0.490196,-0.019916
0.431373,0.509804,0.018611
0.431373,0.529412,-0.007573
0.431373,0.549020,-0.002202
0.431373,0.568627,-0.015942
0.431373,0.588235,0.000486
0.431373,0.607843,-0.022718
0.431373,0.627451,-0.011254
0.431373,0.647059,-0.006168
0.431373,0.666667,0.031173
0.431373,0.686275,-0.012235
0.431373,0.705882,0.012095
0.431373,0.725490,0.004389
0.431373,0.745098,-0.003545
0.431373,0.764706,-0.014537
0.431373,0.784314,-0.018846
0.431373,0.803922,0.017840
0.431373,0.823529,0.011030
0.431373,0.843137,0.010497
0.431373,0.862745,-0.029666
0.431373,0.882353,-0.056405
0.431373,0.901961,-0.001032
0.431373,0.921569,0.014967
0.431373,0.941176,0.058248
0.431373,0.960784,0.008783
0.431373,0.980392,-0.035334
0.450980,0.019608,-0.018510
0.450980,0.039216,-0.001635
0.450980,0.058824,0.017348
0.450980,0.078431,-0.025020
0.450980,0.098039,-0.011158
0.450980,0.117647,0.012569
0.450980,0.137255,0.007898
0.450980,0.156863,0.005258
0.450980,0.176471,0.035955
0.450980,0.196078,0.007618
0.450980,0.215686,0.024612
0.450980,0.235294,-0.001119
0.450980,0.254902,0.000473
0.450980,0.274510,-0.021936
0.450980,0.294118,-0.040676
0.450980,0.313725,-0.014491
0.450980,0.333333,0.001395
0.450980,0.352941,0.019221
0.450980,0.372549,0.013187
0.450980,0.392157,-0.003401
0.450980,0.411765,-0.014567
0.450980,0.431373,-0.016711
0.450980,0.450980,-0.000832
0.450980,0.470588,-0.022409
0.450980,0.490196,0.029224
0.450980,0.509804,-0.043454
0.450980,0.529412,0.001441
0.450980,0.549020,-0.047781
0.450980,0.568627,-0.025368
0.450980,0.588235,-0.002444
0.450980,0.607843,0.030925
0.450980,0.627451,0.014191
0.450980,0.647059,0.007264
0.450980,0.666667,-0.029583
0.450980,0.686275,-0.019561
0.450980,0.705882,0.009327
0.450980,0.725490,0.014782
0.450980,0.745098,0.004283
0.450980,0.764706,-0.007412
0.450980,0.784314,-0.008015
0.450980,0.803922,0.024440
0.450980,0.823529,-0.008217
0.450980,0.843137,-0.026638
0.450980,0.862745,0.008896
0.450980,0.882353,0.028742
0.450980,0.901961,-0.006241
0.450980,0.921569,0.005125
0.450980,0.941176,0.029730
0.450980,0.960784,0.010363
0.450980,0.980392,0.016992
0.470588,0.019608,-0.001082
0.470588,0.039216,0.038903
0.470588,0.058824,0.025272
0.470588,0.078431,0.028473
0.470588,0.098039,0.030252
0.470588,0.117647,0.022097
0.470588,0.137255,0.004450
0.470588,0.156863,0.030016
0.470588,0.176471,-0.043597
0.470588,0.196078,0.002108
0.470588,0.215686,-0.007570
0.470588,0.235294,-0.005334
0.470588,0.254902,0.016280
0.470588,0.274510,-0.012119
0.470588,0.294118,-0.001870
0.470588,0.313725,-0.039734
0.470588,0.333333,-0.040943
0.470588,0.352941,0.050256
0.470588,0.372549,0.014819
0.470588,0.392157,-0.027996
0.470588,0.411765,0.014484
0.470588,0.431373,-0.008756
0.470588,0.450980,0.003904
0.470588,0.470588,0.004866
0.470588,0.490196,-0.022600
0.470588,0.509804,0.006765
0.470588,0.529412,-0.004146
0.470588,0.549020,0.006047
0.470588,0.568627,-0.008397
0.470588,0.588235,-0.039653
0.470588,0.607843,-0.017504
0.470588,0.627451,0.013480
0.470588,0.647059,0.006756
0.470588,0.666667,0.008708
0.470588,0.686275,0.026290
0.470588,0.705882,0.008067
0.470588,0.725490,0.040331
0.470588,0.745098,0.017950
0.470588,0.764706,0.000491
0.470588,0.784314,0.014655
0.470588,0.803922,-0.014657
0.470588,0.823529,0.012205
0.470588,0.843137,0.001713
0.470588,0.862745,-0.035007
0.470588,0.882353,-0.015886
0.470588,0.901961,-0.010295
0.470588,0.921569,0.017293
0.470588,0.941176,-0.012417
0.470588,0.960784,-0.011755
0.470588,0.980392,-0.044150
0.490196,0.019608,-0.005116
0.490196,0.039216,0.025673
0.490196,0.058824,-0.047360
0.490196,0.078431,-0.008859
0.490196,0.098039,-0.026670
0.490196,0.117647,-0.017169
0.490196,0.137255,-0.053011
0.490196,0.156863,0.040263
0.490196,0.176471,0.010756
0.490196,0.196078,0.032914
0.490196,0.215686,-0.005869
0.490196,0.235294,-0.043784
0.490196,0.254902,0.025365
0.490196,0.274510,-0.016055
0.490196,0.294118,0.000026
0.490196,0.313725,0.007819
0.490196,0.333333,-0.001516
0.490196,0.352941,0.006638
0.490196,0.372549,-0.033759
0.490196,0.392157,0.012776
0.490196,0.411765,-0.009518
0.490196,0.431373,0.001078
0.490196,0.450980,0.002056
0.490196,0.470588,0.030493
0.490196,0.490196,0.000867
0.490196,0.509804,-0.020226
0.490196,0.529412,-0.019568
0.490196,0.549020,0.009299
0.490196,0.568627,-0.012156
0.490196,0.588235,0.026673
0.490196,0.607843,0.007782
0.490196,0.627451,-0.013790
0.490196,0.647059,-0.002429
0.490196,0.666667,0.034006
0.490196,0.686275,-0.012692
0.490196,0.705882,-0.029303
0.490196,0.725490,-0.045317
0.490196,0.745098,-0.010000
0.490196,0.764706,-0.020058
0.490196,0.784314,0.018747
0.490196,0.803922,-0.008419
0.490196,0.823529,0.024415
0.490196,0.843137,0.013588
0.490196,0.862745,0.000291
0.490196,0.882353,-0.011540
0.490196,0.901961,-0.018565
0.490196,0.921569,0.036198
0.490196,0.941176,-0.015425
0.490196,0.960784,-0.029949
0.490196,0.980392,0.048396
0.509804,0.019608,0.055580
0.509804,0.039216,0.005567
0.509804,0.058824,-0.009126
0.509804,0.078431,-0.010925
0.509804,0.098039,-0.002260
0.509804,0.117647,0.026893
0.509804,0.137255,0.010420
0.509804,0.156863,0.020987
0.509804,0.176471,-0.007331
0.509804,0.196078,0.009206
0.509804,0.215686,-0.018786
0.509804,0.235294,0.018392
0.509804,0.254902,0.005688
0.509804,0.274510,0.018232
0.509804,0.294118,-0.019380
0.509804,0.313725,0.018244
0.509804,0.333333,-0.017058
0.509804,0.352941,0.028717
0.509804,0.372549,-0.006275
0.509804,0.392157,-0.035168
0.509804,0.411765,0.004818
0.509804,0.431373,-0.005915
0.509804,0.450980,-0.017059
0.509804,0.470588,-0.009188
0.509804,0.490196,-0.035456
0.509804,0.509804,0.029279
0.509804,0.529412,0.017896
0.509804,0.549020,0.045365
0.509804,0.568627,0.026941
0.509804,0.588235,-0.001705
0.509804,0.607843,0.027888
0.509804,0.627451,0.010235
0.509804,0.647059,0.036642
0.509804,0.666667,0.020559
0.509804,0.686275,0.033965
0.509804,0.705882,-0.027038
0.509804,0.725490,0.052210
0.509804,0.745098,-0.014426
0.509804,0.764706,-0.018359
0.509804,0.784314,0.021065
0.509804,0.803922,0.025549
0.509804,0.823529,0.002001
0.509804,0.843137,0.015705
0.509804,0.862745,-0.015852
0.509804,0.882353,-0.016605
0.509804,0.901961,0.001933
0.509804,0.921569,-0.002717
0.509804,0.941176,0.031161
0.509804,0.960784,-0.053538
0.509804,0.980392,0.013815
0.529412,0.019608,0.010528
0.529412,0.039216,-0.006042
0.529412,0.058824,-0.015373
0.529412,0.078431,-0.007830
0.529412,0.098039,0.012815
0.529412,0.117647,-0.024738
0.529412,0.137255,0.000917
0.529412,0.156863,0.027566
0.529412,0.176471,0.039009
0.529412,0.196078,-0.013737
0.529412,0.215686,0.028642
0.529412,0.235294,0.022407
0.529412,0.254902,-0.014514
0.529412,0.274510,-0.043722
0.529412,0.294118,0.017951
0.529412,0.313725,0.010999
0.529412,0.333333,-0.018167
0.529412,0.352941,-0.038809
0.529412,0.372549,0.004051
0.529412,0.392157,0.052171
0.529412,0.411765,0.011207
0.529412,0.431373,-0.011776
0.529412,0.450980,0.002267
0.529412,0.470588,0.068422
0.529412,0.490196,-0.003958
0.529412,0.509804,0.019683
0.529412,0.529412,0.026165
0.529412,0.549020,-0.021455
0.529412,0.568627,0.002699
0.529412,0.588235,0.023822
0.529412,0.607843,0.018241
0.529412,0.627451,0.009253
0.529412,0.647059,-0.007343
0.529412,0.666667,-0.004646
0.529412,0.686275,0.005352
0.529412,0.705882,-0.018008
0.529412,0.725490,-0.020122
0.529412,0.745098,-0.003093
0.529412,0.764706,-0.000553
0.529412,0.784314,0.029787
0.529412,0.803922,0.019489
0.529412,0.823529,0.002289
0.529412,0.843137,0.000848
0.529412,0.862745,-0.026137
0.529412,0.882353,-0.010523
0.529412,0.901961,-0.030660
0.529412,0.921569,0.002825
0.529412,0.941176,-0.038251
0.529412,0.960784,-0.034370
0.529412,0.980392,-0.034740
0.549020,0.019608,-0.012021
0.549020,0.039216,0.008067
0.549020,0.058824,0.056100
0.549020,0.078431,-0.025416
0.549020,0.098039,-0.044810
0.549020,0.117647,0.031541
0.549020,0.137255,0.008131
0.549020,0.156863,0.017032
0.549020,0.176471,-0.024352
0.549020,0.196078,0.036601
0.549020,0.215686,0.015728
0.549020,0.235294,0.000754
0.549020,0.254902,-0.001479
0.549020,0.274510,0.010887
0.549020,0.294118,0.021376
0.549020,0.313725,0.008727
0.549020,0.333333,-0.018662
0.549020,0.352941,0.001967
0.549020,0.372549,0.021870
0.549020,0.392157,-0.009163
0.549020,0.411765,-0.030511
0.549020,0.431373,-0.026786
0.549020,0.450980,0.028809
0.549020,0.470588,-0.022923
0.549020,0.490196,-0.009050
0.549020,0.509804,0.005345
0.549020,0.529412,-0.009615
0.549020,0.549020,-0.015322
0.549020,0.568627,-0.025757
0.549020,0.588235,-0.011892
0.549020,0.607843,0.020671
0.549020,0.627451,-0.013978
0.549020,0.647059,0.032562
0.549020,0.666667,0.015930
0.549020,0.686275,0.017285
0.549020,0.705882,0.001824
0.549020,0.725490,-0.027589
0.549020,0.745098,-0.008190
0.549020,0.764706,0.009572
0.549020,0.784314,-0.019325
0.549020,0.803922,-0.015862
0.549020,0.823529,-0.004830
0.549020,0.843137,-0.005897
0.549020,0.862745,-0.034787
0.549020,0.882353,0.004184
0.549020,0.901961,0.002380
0.549020,0.921569,-0.019751
0.549020,0.941176,0.006062
0.549020,0.960784,-0.035555
0.549020,0.980392,-0.013662
0.568627,0.019608,0.027016
0.568627,0.039216,-0.046242
0.568627,0.058824,-0.013234
0.568627,0.078431,0.005840
0.568627,0.098039,-0.037029
0.568627,0.117647,0.020695
0.568627,0.137255,-0.016400
0.568627,0.156863,-0.009903
0.568627,0.176471,0.002580
0.568627,0.196078,0.004004
0.568627,0.215686,-0.009305
0.568627,0.235294,0.042674
0.568627,0.254902,-0.019060
0.568627,0.274510,-0.024934
0.568627,0.294118,-0.007561
0.568627,0.313725,-0.022774
0.568627,0.333333,0.016980
0.568627,0.352941,-0.008500
0.568627,0.372549,-0.008825
0.568627,0.392157,0.004406
0.568627,0.411765,-0.007824
0.568627,0.431373,0.000316
0.568627,0.450980,0.023976
0.568627,0.470588,0.024867
0.568627,0.490196,0.006147
0.568627,0.509804,0.045398
0.568627,0.529412,0.005562
0.568627,0.549020,0.045225
0.568627,0.568627,0.019041
0.568627,0.588235,0.063044
0.568627,0.607843,0.074000
0.568627,0.627451,0.023149
0.568627,0.647059,-0.018689
0.568627,0.666667,-0.103261
0.568627,0.686275,-0.022685
0.568627,0.705882,-0.017877
0.568627,0.725490,0.035217
0.568627,0.745098,-0.044142
0.568627,0.764706,-0.066778
0.568627,0.784314,-0.010996
0.568627,0.803922,0.017572
0.568627,0.823529,-0.012480
0.568627,0.843137,-0.031513
0.568627,0.862745,-0.017316
0.568627,0.882353,-0.009530
0.568627,0.901961,-0.043061
0.568627,0.921569,0.003947
0.568627,0.941176,0.005121
0.568627,0.960784,-0.042386
0.568627,0.980392,-0.012820
0.588235,0.019608,0.027072
0.588235,0.039216,-0.001805
0.588235,0.058824,-0.002939
0.588235,0.078431,0.002188
0.588235,0.098039,-0.017988
0.588235,0.117647,-0.010073
0.588235,0.137255,-0.011337
0.588235,0.156863,0.010350
0.588235,0.176471,0.009690
0.588235,0.196078,-0.002796
0.588235,0.215686,0.008216
0.588235,0.235294,0.014593
0.588235,0.254902,-0.008176
0.588235,0.274510,-0.012614
0.588235,0.294118,-0.013652
0.588235,0.313725,0.006937
0.588235,0.333333,-0.018260
0.588235,0.352941,-0.024130
0.588235,0.372549,-0.010005
0.588235,0.392157,0.014537
0.588235,0.411765,-0.015728
0.588235,0.431373,-0.039294
0.588235,0.450980,0.000145
0.588235,0.470588,-0.006099
0.588235,0.490196,0.005484
0.588235,0.509804,0.039501
0.588235,0.529412,0.002634
0.588235,0.549020,0.004815
0.588235,0.568627,-0.007534
0.588235,0.588235,0.017565
0.588235,0.607843,-0.019973
0.588235,0.627451,-0.013780
0.588235,0.647059,0.014952
0.588235,0.666667,0.001477
0.588235,0.686275,0.004764
0.588235,0.705882,0.009151
0.588235,0.725490,-0.009347
0.588235,0.745098,0.021993
0.588235,0.764706,-0.010620
0.588235,0.784314,0.003376
0.588235,0.803922,-0.025592
0.588235,0.823529,0.030927
0.588235,0.843137,0.014797
0.588235,0.862745,0.014459
0.588235,0.882353,0.017722
0.588235,0.901961,0.008901
0.588235,0.921569,-0.005098
0.588235,0.941176,-0.013857
0.588235,0.960784,0.003693
0.588235,0.980392,-0.016476
0.607843,0.019608,-0.007725
0.607843,0.039216,-0.000258
0.607843,0.058824,0.003542
0.607843,0.078431,-0.003205
0.607843,0.098039,0.006183
0.607843,0.117647,-0.010854
0.607843,0.137255,0.007116
0.607843,0.156863,-0.001889
0.607843,0.176471,-0.043301
0.607843,0.196078,-0.045862
0.607843,0.215686,0.002205
0.607843,0.235294,-0.022258
0.607843,0.254902,-0.002146
0.607843,0.274510,0.006527
0.607843,0.294118,0.016134
0.607843,0.313725,0.022530
0.607843,0.333333,0.017617
0.607843,0.352941,-0.021281
0.607843,0.372549,-0.000204
0.607843,0.392157,-0.035185
0.607843,0.411765,0.002389
0.607843,0.431373,-0.016315
0.607843,0.450980,-0.011656
0.607843,0.470588,-0.017636
0.607843,0.490196,-0.010020
0.607843,0.509804,-0.007661
0.607843,0.529412,0.004243
0.607843,0.549020,-0.013354
0.607843,0.568627,0.006201
0.607843,0.588235,0.002751
0.607843,0.607843,-0.005638
0.607843,0.627451,-0.000976
0.607843,0.647059,0.000279
0.607843,0.666667,0.012975
0.607843,0.686275,0.007435
0.607843,0.705882,0.012855
0.607843,0.725490,-0.012238
0.607843,0.745098,-0.019087
0.607843,0.764706,-0.037961
0.607843,0.784314,-0.042281
0.607843,0.803922,-0.000690
0.607843,0.823529,-0.066319
0.607843,0.843137,0.115170
0.607843,0.862745,0.141758
0.607843,0.882353,-0.031323
0.607843,0.901961,-0.030334
0.607843,0.921569,0.068139
0.607843,0.941176,0.017775
0.607843,0.960784,-0.024062
0.607843,0.980392,-0.015531
0.627451,0.019608,-0.004683
0.627451,0.039216,0.023617
0.627451,0.058824,-0.000829
0.627451,0.078431,0.009484
0.627451,0.098039,0.002750
0.627451,0.117647,0.017128
0.627451,0.137255,-0.011656
0.627451,0.156863,0.004523
0.627451,0.176471,0.004895
0.627451,0.196078,-0.004160
0.627451,0.215686,0.004997
0.627451,0.235294,-0.012530
0.627451,0.254902,0.016961
0.627451,0.274510,0.005708
0.627451,0.294118,0.013655
0.627451,0.313725,0.007001
0.627451,0.333333,0.012688
0.627451,0.352941,0.021187
0.627451,0.372549,-0.007148
0.627451,0.392157,0.008105
0.627451,0.411765,-0.006185
0.627451,0.431373,-0.002897
0.627451,0.450980,-0.030523
0.627451,0.470588,-0.025973
0.627451,0.490196,-0.003341
0.627451,0.509804,0.000057
0.627451,0.529412,-0.022273
0.627451,0.549020,-0.011993
0.627451,0.568627,0.000467
0.627451,0.588235,0.004325
0.627451,0.607843,0.035111
0.627451,0.627451,-0.007407
0.627451,0.647059,0.014449
0.627451,0.666667,-0.023414
0.627451,0.686275,-0.001280
0.627451,0.705882,-0.009569
0.627451,0.725490,0.004604
0.627451,0.745098,0.001152
0.627451,0.764706,0.005324
0.627451,0.784314,0.029991
0.627451,0.803922,0.003275
0.627451,0.823529,-0.031318
0.627451,0.843137,-0.002083
0.627451,0.862745,0.010401
0.627451,0.882353,-0.001137
0.627451,0.901961,0.005498
0.627451,0.921569,0.025974
0.627451,0.941176,-0.016440
0.627451,0.960784,0.021224
0.627451,0.980392,-0.005433
0.647059,0.019608,0.024886
0.647059,0.039216,-0.009509
0.647059,0.058824,-0.017724
0.647059,0.078431,0.005519
0.647059,0.098039,0.019240
0.647059,0.117647,-0.003271
0.647059,0.137255,0.006517
0.647059,0.156863,-0.020401
0.647059,0.176471,-0.001208
0.647059,0.196078,-0.008947
0.647059,0.215686,0.016696
0.647059,0.235294,-0.001113
0.647059,0.254902,-0.005144
0.647059,0.274510,-0.000153
0.647059,0.294118,-0.005426
0.647059,0.313725,0.025443
0.647059,0.333333,0.008249
0.647059,0.352941,0.001183
0.647059,0.372549,-0.008911
0.647059,0.392157,0.007667
0.647059,0.411765,-0.031307
0.647059,0.431373,0.003157
0.647059,0.450980,0.014388
0.647059,0.470588,-0.007180
0.647059,0.490196,0.010116
0.647059,0.509804,0.014066
0.647059,0.529412,-0.009422
0.647059,0.549020,-0.010191
0.647059,0.568627,-0.013561
0.647059,0.588235,0.000756
0.647059,0.607843,-0.002381
0.647059,0.627451,-0.005175
0.647059,0.647059,0.017051
0.647059,0.666667,-0.000945
0.647059,0.686275,0.002719
0.647059,0.705882,-0.012437
0.647059,0.725490,-0.038879
0.647059,0.745098,0.019725
0.647059,0.764706,0.039976
0.647059,0.784314,-0.009813
0.647059,0.803922,0.169067
0.647059,0.823529,0.051542
0.647059,0.843137,0.055959
0.647059,0.862745,0.017168
0.647059,0.882353,0.005887
0.647059,0.901961,0.016118
0.647059,0.921569,-0.021905
0.647059,0.941176,-0.002206
0.647059,0.960784,0.013695
0.647059,0.980392,0.012577
0.666667,0.019608,0.020094
0.666667,0.039216,0.005617
0.666667,0.058824,0.012948
0.666667,0.078431,-0.018084
0.666667,0.098039,-0.006392
0.666667,0.117647,-0.011589
0.666667,0.137255,0.014558
0.666667,0.156863,0.013349
0.666667,0.176471,-0.001762
0.666667,0.196078,0.000048
0.666667,0.215686,-0.023933
0.666667,0.235294,0.000136
0.666667,0.254902,-0.022671
0.666667,0.274510,-0.005330
0.666667,0.294118,0.011908
0.666667,0.313725,-0.032028
0.666667,0.333333,0.001171
0.666667,0.352941,-0.007271
0.666667,0.372549,-0.018448
0.666667,0.392157,-0.022663
0.666667,0.411765,-0.001172
0.666667,0.431373,0.009147
0.666667,0.450980,-0.013180
0.666667,0.470588,0.001025
0.666667,0.490196,-0.009644
0.666667,0.509804,-0.016619
0.666667,0.529412,-0.009103
0.666667,0.549020,0.009828
0.666667,0.568627,0.015681
0.666667,0.588235,-0.007160
0.666667,0.607843,0.013868
0.666667,0.627451,-0.028130
0.666667,0.647059,0.001797
0.666667,0.666667,0.023464
0.666667,0.686275,-0.013178
0.666667,0.705882,0.024269
0.666667,0.725490,-0.013392
0.666667,0.745098,-0.036846
0.666667,0.764706,-0.027807
0.666667,0.784314,0.016799
0.666667,0.803922,0.007682
0.666667,0.823529,-0.021143
0.666667,0.843137,0.010770
0.666667,0.862745,-0.003379
0.666667,0.882353,-0.016347
0.666667,0.901961,0.004282
0.666667,0.921569,0.000315
0.666667,0.941176,-0.031433
0.666667,0.960784,0.025343
0.666667,0.980392,-0.005897
0.686275,0.019608,-0.001049
0.686275,0.039216,0.027762
0.686275,0.058824,0.006594
0.686275,0.078431,-0.018392
0.686275,0.098039,-0.019556
0.686275,0.117647,0.001359
0.686275,0.137255,0.025362
0.686275,0.156863,-0.002413
0.686275,0.176471,0.001831
0.686275,0.196078,0.008106
0.686275,0.215686,0.001834
0.686275,0.235294,-0.009475
0.686275,0.254902,0.025129
0.686275,0.274510,0.007756
0.686275,0.294118,-0.006946
0.686275,0.313725,0.007502
0.686275,0.333333,0.021933
0.686275,0.352941,-0.035553
0.686275,0.372549,0.017040
0.686275,0.392157,-0.010420
0.686275,0.411765,0.004297
0.686275,0.431373,0.016105
0.686275,0.450980,-0.031644
0.686275,0.470588,0.013050
0.686275,0.490196,-0.029659
0.686275,0.509804,-0.021061
0.686275,0.529412,-0.013365
0.686275,0.549020,-0.003267
0.686275,0.568627,0.010974
0.686275,0.588235,0.015576
0.686275,0.607843,-0.000052
0.686275,0.627451,-0.003725
0.686275,0.647059,-0.008215
0.686275,0.666667,-0.016149
0.686275,0.686275,-0.011023
0.686275,0.705882,-0.023592
0.686275,0.725490,0.015661
0.686275,0.745098,-0.014305
0.686275,0.764706,0.011633
0.686275,0.784314,0.008333
0.686275,0.803922,-0.007612
0.686275,0.823529,-0.025046
0.686275,0.843137,-0.025420
0.686275,0.862745,0.038271
0.686275,0.882353,-0.053773
0.686275,0.901961,-0.002153
0.686275,0.921569,0.028395
0.686275,0.941176,0.015431
0.686275,0.960784,-0.009563
0.686275,0.980392,-0.025158
0.705882,0.019608,-0.015079
0.705882,0.039216,0.019112
0.705882,0.058824,0.004355
0.705882,0.078431,0.050929
0.705882,0.098039,0.016385
0.705882,0.117647,0.011053
0.705882,0.137255,0.004906
0.705882,0.156863,0.004806
0.705882,0.176471,0.004455
0.705882,0.196078,-0.041288
0.705882,0.215686,0.048086
0.705882,0.235294,0.004342
0.705882,0.254902,0.039558
0.705882,0.274510,0.007168
0.705882,0.294118,-0.001596
0.705882,0.313725,-0.010847
0.705882,0.333333,-0.007079
0.705882,0.352941,0.004811
0.705882,0.372549,-0.015797
0.705882,0.392157,0.008797
0.705882,0.411765,0.001582
0.705882,0.431373,0.006827
0.705882,0.450980,-0.007603
0.705882,0.470588,0.008547
0.705882,0.490196,0.008663
0.705882,0.509804,-0.001403
0.705882,0.529412,-0.014182
0.705882,0.549020,0.006949
0.705882,0.568627,0.002749
0.705882,0.588235,0.004683
0.705882,0.607843,0.004447
0.705882,0.627451,-0.012370
0.705882,0.647059,0.002536
0.705882,0.666667,-0.003906
0.705882,0.686275,0.007385
0.705882,0.705882,-0.017372
0.705882,0.725490,0.001094
0.705882,0.745098,-0.003831
0.705882,0.764706,-0.024124
0.705882,0.784314,0.025763
0.705882,0.803922,0.003447
0.705882,0.823529,0.017391
0.705882,0.843137,0.004440
0.705882,0.862745,0.009421
0.705882,0.882353,0.000173
0.705882,0.901961,-0.039493
0.705882,0.921569,-0.014578
0.705882,0.941176,-0.009496
0.705882,0.960784,-0.014779
0.705882,0.980392,-0.013021
0.725490,0.019608,-0.035327
0.725490,0.039216,-0.010655
0.725490,0.058824,-0.022277
0.725490,0.078431,-0.006000
0.725490,0.098039,-0.006589
0.725490,0.117647,-0.016834
0.725490,0.137255,-0.019887
0.725490,0.156863,0.012220
0.725490,0.176471,-0.000613
0.725490,0.196078,-0.013206
0.725490,0.215686,-0.002022
0.725490,0.235294,-0.013963
0.725490,0.254902,0.001479
0.725490,0.274510,0.013633
0.725490,0.294118,0.010261
0.725490,0.313725,-0.004542
0.725490,0.333333,-0.002921
0.725490,0.352941,0.003616
0.725490,0.372549,-0.001261
0.725490,0.392157,-0.015126
0.725490,0.411765,0.005405
0.725490,0.431373,0.010892
0.725490,0.450980,-0.021696
0.725490,0.470588,-0.014064
0.725490,0.490196,-0.000355
0.725490,0.509804,0.000945
0.725490,0.529412,0.036714
0.725490,0.549020,0.001972
0.725490,0.568627,-0.002397
0.725490,0.588235,-0.001154
0.725490,0.607843,-0.007901
0.725490,0.627451,-0.009984
0.725490,0.647059,-0.002101
0.725490,0.666667,0.022958
0.725490,0.686275,-0.000289
0.725490,0.705882,0.003786
0.725490,0.725490,0.024649
0.725490,0.745098,0.023418
0.725490,0.764706,0.012554
0.725490,0.784314,-0.011593
0.725490,0.803922,0.020157
0.725490,0.823529,0.032481
0.725490,0.843137,-0.011723
0.725490,0.862745,0.006634
0.725490,0.882353,-0.000587
0.725490,0.901961,0.000088
0.725490,0.921569,0.025297
0.725490,0.941176,-0.038295
0.725490,0.960784,0.014310
0.725490,0.980392,0.006895
0.745098,0.019608,0.031858
0.745098,0.039216,-0.007943
0.745098,0.058824,0.024631
0.745098,0.078431,-0.027983
0.745098,0.098039,-0.010402
0.745098,0.117647,-0.021189
0.745098,0.137255,0.006305
0.745098,0.156863,0.042396
0.745098,0.176471,0.025171
0.745098,0.196078,0.010730
0.745098,0.215686,-0.008991
0.745098,0.235294,0.036647
0.745098,0.254902,0.022540
0.745098,0.274510,0.015643
0.745098,0.294118,0.035466
0.745098,0.313725,-0.028817
0.745098,0.333333,-0.005275
0.745098,0.352941,0.005344
0.745098,0.372549,0.000625
0.745098,0.392157,0.002707
0.745098,0.411765,-0.028662
0.745098,0.431373,0.006624
0.745098,0.450980,0.007852
0.745098,0.470588,-0.002038
0.745098,0.490196,-0.026903
0.745098,0.509804,0.030713
0.745098,0.529412,-0.025768
0.745098,0.549020,-0.002566
0.745098,0.568627,-0.005540
0.745098,0.588235,-0.027268
0.745098,0.607843,0.013513
0.745098,0.627451,0.047030
0.745098,0.647059,-0.000528
0.745098,0.666667,-0.028825
0.745098,0.686275,-0.024064
0.745098,0.705882,-0.006175
0.745098,0.725490,-0.001629
0.745098,0.745098,-0.039764
0.745098,0.764706,-0.064579
0.745098,0.784314,-0.032952
0.745098,0.803922,-0.014518
0.745098,0.823529,0.027839
0.745098,0.843137,-0.025440
0.745098,0.862745,0.002134
0.745098,0.882353,-0.008288
0.745098,0.901961,0.030799
0.745098,0.921569,-0.012646
0.745098,0.941176,-0.021735
0.745098,0.960784,-0.043866
0.745098,0.980392,-0.002684
0.764706,0.019608,-0.007744
0.764706,0.039216,-0.025268
0.764706,0.058824,-0.003509
0.764706,0.078431,-0.013741
0.764706,0.098039,0.017106
0.764706,0.117647,-0.012210
0.764706,0.137255,-0.010588
0.764706,0.156863,0.022751
0.764706,0.176471,-0.006870
0.764706,0.196078,0.012603
0.764706,0.215686,-0.007937
0.764706,0.235294,0.007895
0.764706,0.254902,-0.015763
0.764706,0.274510,0.025613
0.764706,0.294118,-0.035450
0.764706,0.313725,0.020742
0.764706,0.333333,-0.003381
0.764706,0.352941,0.004178
0.764706,0.372549,0.028162
0.764706,0.392157,-0.007918
0.764706,0.411765,-0.012525
0.764706,0.431373,0.014442
0.764706,0.450980,-0.020160
0.764706,0.470588,0.007424
0.764706,0.490196,-0.008006
0.764706,0.509804,-0.006675
0.764706,0.529412,0.006108
0.764706,0.549020,-0.008497
0.764706,0.568627,0.009507
0.764706,0.588235,-0.002094
0.764706,0.607843,-0.028737
0.764706,0.627451,0.008865
0.764706,0.647059,-0.006901
0.764706,0.666667,-0.013070
0.764706,0.686275,0.014444
0.764706,0.705882,-0.016524
0.764706,0.725490,0.013594
0.764706,0.745098,0.004957
0.764706,0.764706,-0.007644
0.764706,0.784314,-0.006454
0.764706,0.803922,0.003038
0.764706,0.823529,0.014690
0.764706,0.843137,0.001584
0.764706,0.862745,-0.006064
0.764706,0.882353,0.001298
0.764706,0.901961,0.008687
0.764706,0.921569,-0.007182
0.764706,0.941176,-0.002868
0.764706,0.960784,-0.000212
0.764706,0.980392,-0.007784
0.784314,0.019608,-0.022392
0.784314,0.039216,-0.011428
0.784314,0.058824,0.000947
0.784314,0.078431,0.026857
0.784314,0.098039,-0.013157
0.784314,0.117647,-0.005921
0.784314,0.137255,-0.017606
0.784314,0.156863,-0.014069
0.784314,0.176471,0.000502
0.784314,0.196078,0.058792
0.784314,0.215686,0.013501
0.784314,0.235294,0.010165
0.784314,0.254902,0.025007
0.784314,0.274510,-0.041217
0.784314,0.294118,-0.004425
0.784314,0.313725,-0.022499
0.784314,0.333333,0.008161
0.784314,0.352941,-0.014443
0.784314,0.372549,0.002797
0.784314,0.392157,-0.004336
0.784314,0.411765,-0.023805
0.784314,0.431373,-0.011015
0.784314,0.450980,0.013738
0.784314,0.470588,-0.014311
0.784314,0.490196,-0.025227
0.784314,0.509804,-0.002462
0.784314,0.529412,-0.022505
0.784314,0.549020,0.016347
0.784314,0.568627,0.012523
0.784314,0.588235,-0.018080
0.784314,0.607843,0.009549
0.784314,0.627451,-0.011324
0.784314,0.647059,-0.002045
0.784314,0.666667,0.004698
0.784314,0.686275,0.018148
0.784314,0.705882,0.001312
0.784314,0.725490,0.003997
0.784314,0.745098,0.010361
0.784314,0.764706,-0.008324
0.784314,0.784314,0.005303
0.784314,0.803922,-0.008541
0.784314,0.823529,0.005903
0.784314,0.843137,0.010369
0.784314,0.862745,-0.011314
0.784314,0.882353,0.015319
0.784314,0.901961,0.003589
0.784314,0.921569,0.013057
0.784314,0.941176,-0.008294
0.784314,0.960784,0.002417
0.784314,0.980392,0.006194
0.803922,0.019608,0.030827
0.803922,0.039216,0.003034
0.803922,0.058824,0.021035
0.803922,0.078431,-0.017022
0.803922,0.098039,-0.000965
0.803922,0.117647,-0.063235
0.803922,0.137255,0.009173
0.803922,0.156863,-0.053282
0.803922,0.176471,-0.034075
0.803922,0.196078,0.007154
0.803922,0.215686,-0.021590
0.803922,0.235294,0.031396
0.803922,0.254902,0.016446
0.803922,0.274510,-0.023661
0.803922,0.294118,-0.019741
0.803922,0.313725,-0.025156
0.803922,0.333333,0.008049
0.803922,0.352941,0.008303
0.803922,0.372549,0.013406
0.803922,0.392157,-0.008963
0.803922,0.411765,-0.002174
0.803922,0.431373,0.045228
0.803922,0.450980,0.017420
0.803922,0.470588,-0.021230
0.803922,0.490196,-0.005799
0.803922,0.509804,0.013988
0.803922,0.529412,0.001818
0.803922,0.549020,0.007077
0.803922,0.568627,-0.015671
0.803922,0.588235,0.016400
0.803922,0.607843,0.010326
0.803922,0.627451,0.007178
0.803922,0.647059,-0.011774
0.803922,0.666667,-0.022884
0.803922,0.686275,-0.003412
0.803922,0.705882,0.000039
0.803922,0.725490,0.005343
0.803922,0.745098,-0.014654
0.803922,0.764706,0.002579
0.803922,0.784314,-0.006444
0.803922,0.803922,0.010861
0.803922,0.823529,-0.027315
0.803922,0.843137,0.001072
0.803922,0.862745,0.008111
0.803922,0.882353,-0.020431
0.803922,0.901961,0.021011
0.803922,0.921569,0.005387
0.803922,0.941176,-0.011753
0.803922,0.960784,-0.013094
0.803922,0.980392,0.000536
0.823529,0.019608,-0.015654
0.823529,0.039216,0.005901
0.823529,0.058824,0.007952
0.823529,0.078431,0.006269
0.823529,0.098039,0.020002
0.823529,0.117647,-0.000725
0.823529,0.137255,0.008641
0.823529,0.156863,-0.024606
0.823529,0.176471,0.007315
0.823529,0.196078,0.026219
0.823529,0.215686,-0.013212
0.823529,0.235294,-0.005248
0.823529,0.254902,-0.047773
0.823529,0.274510,-0.024136
0.823529,0.294118,0.005601
0.823529,0.313725,-0.052082
0.823529,0.333333,-0.018044
0.823529,0.352941,0.025865
0.823529,0.372549,-0.003123
0.823529,0.392157,-0.034342
0.823529,0.411765,0.004203
0.823529,0.431373,0.021338
0.823529,0.450980,-0.006481
0.823529,0.470588,-0.013634
0.823529,0.490196,-0.003747
0.823529,0.509804,-0.013420
0.823529,0.529412,-0.015386
0.823529,0.549020,0.014264
0.823529,0.568627,0.003952
0.823529,0.588235,0.026587
0.823529,0.607843,-0.006567
0.823529,0.627451,-0.009161
0.823529,0.647059,0.020014
0.823529,0.666667,-0.028701
0.823529,0.686275,-0.011258
0.823529,0.705882,0.010862
0.823529,0.725490,0.005151
0.823529,0.745098,0.014079
0.823529,0.764706,-0.013785
0.823529,0.784314,0.017671
0.823529,0.803922,-0.007506
0.823529,0.823529,-0.010707
0.823529,0.843137,-0.009845
0.823529,0.862745,0.013356
0.823529,0.882353,0.006013
0.823529,0.901961,-0.006305
0.823529,0.921569,0.006287
0.823529,0.941176,-0.004432
0.823529,0.960784,0.002811
0.823529,0.980392,-0.004180
0.843137,0.019608,-0.004291
0.843137,0.039216,0.005603
0.843137,0.058824,-0.000835
0.843137,0.078431,-0.011257
0.843137,0.098039,-0.000961
0.843137,0.117647,-0.002085
0.843137,0.137255,-0.034796
0.843137,0.156863,0.042191
0.843137,0.176471,-0.041272
0.843137,0.196078,-0.021499
0.843137,0.215686,0.000522
0.843137,0.235294,-0.061051
0.843137,0.254902,0.017110
0.843137,0.274510,-0.014234
0.843137,0.294118,-0.011419
0.843137,0.313725,-0.006459
0.843137,0.333333,-0.029857
0.843137,0.352941,0.014892
0.843137,0.372549,0.007095
0.843137,0.392157,-0.011291
0.843137,0.411765,-0.012249
0.843137,0.431373,0.017120
0.843137,0.450980,-0.028181
0.843137,0.470588,-0.018234
0.843137,0.490196,0.006632
0.843137,0.509804,0.010161
0.843137,0.529412,0.009769
0.843137,0.549020,-0.007946
0.843137,0.568627,0.003249
0.843137,0.588235,0.027184
0.843137,0.607843,0.003573
0.843137,0.627451,-0.000827
0.843137,0.647059,-0.005481
0.843137,0.666667,0.010451
0.843137,0.686275,0.004320
0.843137,0.705882,0.002343
0.843137,0.725490,0.005908
0.843137,0.745098,0.001950
0.843137,0.764706,-0.003291
0.843137,0.784314,0.009366
0.843137,0.803922,-0.002554
0.843137,0.823529,0.000244
0.843137,0.843137,0.000090
0.843137,0.862745,-0.001378
0.843137,0.882353,-0.000305
0.843137,0.901961,-0.005283
0.843137,0.921569,-0.017753
0.843137,0.941176,-0.004711
0.843137,0.960784,0.000329
0.843137,0.980392,-0.009426
0.862745,0.019608,-0.006375
0.862745,0.039216,0.000667
0.862745,0.058824,0.042368
0.862745,0.078431,-0.030787
0.862745,0.098039,-0.061815
0.862745,0.117647,-0.018733
0.862745,0.137255,-0.018451
0.862745,0.156863,0.052950
0.862745,0.176471,-0.000399
0.862745,0.196078,0.021366
0.862745,0.215686,0.020509
0.862745,0.235294,-0.014581
0.862745,0.254902,-0.005239
0.862745,0.274510,0.013130
0.862745,0.294118,-0.000231
0.862745,0.313725,0.009002
0.862745,0.333333,0.005980
0.862745,0.352941,0.022200
0.862745,0.372549,-0.015708
0.862745,0.392157,0.008664
0.862745,0.411765,0.001166
0.862745,0.431373,-0.000390
0.862745,0.450980,0.003283
0.862745,0.470588,0.011922
0.862745,0.490196,0.001083
0.862745,0.509804,-0.004682
0.862745,0.529412,0.005338
0.862745,0.549020,0.007440
0.862745,0.568627,0.000330
0.862745,0.588235,0.002842
0.862745,0.607843,0.005866
0.862745,0.627451,-0.000278
0.862745,0.647059,-0.000070
0.862745,0.666667,0.000634
0.862745,0.686275,0.000032
0.862745,0.705882,-0.001697
0.862745,0.725490,0.002076
0.862745,0.745098,-0.005754
0.862745,0.764706,0.007069
0.862745,0.784314,0.002204
0.862745,0.803922,-0.004143
0.862745,0.823529,-0.005429
0.862745,0.843137,0.009270
0.862745,0.862745,0.002406
0.862745,0.882353,-0.000430
0.862745,0.901961,-0.041723
0.862745,0.921569,0.044765
0.862745,0.941176,-0.051652
0.862745,0.960784,0.065354
0.862745,0.980392,-0.003007
0.882353,0.019608,0.002523
0.882353,0.039216,0.001351
0.882353,0.058824,0.000214
0.882353,0.078431,-0.004338
0.882353,0.098039,-0.004489
0.882353,0.117647,-0.006419
0.882353,0.137255,-0.004413
0.882353,0.156863,0.004034
0.882353,0.176471,-0.001086
0.882353,0.196078,0.015471
0.882353,0.215686,0.022424
0.882353,0.235294,-0.012191
0.882353,0.254902,0.001055
0.882353,0.274510,-0.000007
0.882353,0.294118,0.001146
0.882353,0.313725,-0.000049
0.882353,0.333333,0.000060
0.882353,0.352941,-0.001153
0.882353,0.372549,0.006493
0.882353,0.392157,-0.001242
0.882353,0.411765,-0.000132
0.882353,0.431373,-0.000806
0.882353,0.450980,-0.000532
0.882353,0.470588,-0.001454
0.882353,0.490196,0.000002
0.882353,0.509804,-0.000557
0.882353,0.529412,-0.000067
0.882353,0.549020,-0.000804
0.882353,0.568627,0.002605
0.882353,0.588235,0.003324
0.882353,0.607843,0.000077
0.882353,0.627451,0.000400
0.882353,0.647059,0.000356
0.882353,0.666667,-0.000417
0.882353,0.686275,-0.002831
0.882353,0.705882,-0.013674
0.882353,0.725490,0.038990
0.882353,0.745098,-0.000468
0.882353,0.764706,0.087329
0.882353,0.784314,0.012100
0.882353,0.803922,-0.006589
0.882353,0.823529,-0.000376
0.882353,0.843137,-0.007304
0.882353,0.862745,0.000775
0.882353,0.882353,0.001323
0.882353,0.901961,-0.018848
0.882353,0.921569,0.010760
0.882353,0.941176,-0.012098
0.882353,0.960784,-0.018813
0.882353,0.980392,0.000454
0.901961,0.019608,-0.000165
0.901961,0.039216,-0.001165
0.901961,0.058824,0.009221
0.901961,0.078431,0.004705
0.901961,0.098039,-0.000049
0.901961,0.117647,0.000002
0.901961,0.137255,0.000011
0.901961,0.156863,-0.000867
0.901961,0.176471,-0.001488
0.901961,0.196078,-0.000009
0.901961,0.215686,-0.001479
0.901961,0.235294,0.000000
0.901961,0.254902,0.000003
0.901961,0.274510,0.000001
0.901961,0.294118,-0.000993
0.901961,0.313725,0.000002
0.901961,0.333333,-0.000046
0.901961,0.352941,-0.000837
0.901961,0.372549,-0.000078
0.901961,0.392157,-0.000089
0.901961,0.411765,-0.000024
0.901961,0.431373,0.011645
0.901961,0.450980,0.002361
0.901961,0.470588,0.020921
0.901961,0.490196,0.004923
0.901961,0.509804,-0.028338
0.901961,0.529412,-0.075354
0.901961,0.549020,0.001368
0.901961,0.568627,0.020291
0.901961,0.588235,0.007228
0.901961,0.607843,-0.035830
0.901961,0.627451,-0.012115
0.901961,0.647059,-0.000438
0.901961,0.666667,0.000002
0.901961,0.686275,0.008435
0.901961,0.705882,-0.011004
0.901961,0.725490,-0.000003
0.901961,0.745098,-0.000005
0.901961,0.764706,-0.002348
0.901961,0.784314,-0.000004
0.901961,0.803922,0.006001
0.901961,0.823529,-0.000001
0.901961,0.843137,-0.001872
0.901961,0.862745,-0.000000
0.901961,0.882353,-0.001058
0.901961,0.901961,0.000017
0.901961,0.921569,0.000413
0.901961,0.941176,0.000000
0.901961,0.960784,-0.000000
0.901961,0.980392,0.000000
0.921569,0.019608,0.000004
0.921569,0.039216,-0.000393
0.921569,0.058824,0.000006
0.921569,0.078431,0.000073
0.921569,0.098039,0.000017
0.921569,0.117647,-0.000055
0.921569,0.137255,-0.002384
0.921569,0.156863,0.000610
0.921569,0.176471,0.000360
0.921569,0.196078,-0.060803
0.921569,0.215686,-0.000018
0.921569,0.235294,-0.023124
0.921569,0.254902,-0.000007
0.921569,0.274510,0.053089
0.921569,0.294118,-0.010811
0.921569,0.313725,0.000146
0.921569,0.333333,-0.001265
0.921569,0.352941,0.000001
0.921569,0.372549,-0.021528
0.921569,0.392157,-0.000000
0.921569,0.411765,0.000041
0.921569,0.431373,-0.000000
0.921569,0.450980,0.003929
0.921569,0.470588,0.000000
0.921569,0.490196,0.000000
0.921569,0.509804,0.001067
0.921569,0.529412,0.000013
0.921569,0.549020,-0.000580
0.921569,0.568627,-0.000507
0.921569,0.588235,0.000000
0.921569,0.607843,0.000000
0.921569,0.627451,-0.000004
0.921569,0.647059,0.000531
0.921569,0.666667,-0.000036
0.921569,0.686275,0.000275
0.921569,0.705882,0.000019
0.921569,0.725490,0.000006
0.921569,0.745098,-0.000000
0.921569,0.764706,-0.000492
0.921569,0.784314,-0.027332
0.921569,0.803922,-0.004219
0.921569,0.823529,-0.000001
0.921569,0.843137,0.051386
0.921569,0.862745,0.030956
0.921569,0.882353,-0.037624
0.921569,0.901961,0.000000
0.921569,0.921569,0.000006
0.921569,0.941176,0.003350
0.921569,0.960784,-0.016103
0.921569,0.980392,-0.000000
0.941176,0.019608,-0.000381
0.941176,0.039216,0.000000
0.941176,0.058824,0.002189
0.941176,0.078431,-0.000000
0.941176,0.098039,0.000000
0.941176,0.117647,-0.000000
0.941176,0.137255,0.000001
0.941176,0.156863,-0.000001
0.941176,0.176471,0.000002
0.941176,0.196078,0.000005
0.941176,0.215686,-0.000369
0.941176,0.235294,-0.000000
0.941176,0.254902,-0.000001
0.941176,0.274510,0.000013
0.941176,0.294118,0.000000
0.941176,0.313725,-0.000127
0.941176,0.333333,0.020893
0.941176,0.352941,0.000000
0.941176,0.372549,0.000252
0.941176,0.392157,0.000000
0.941176,0.411765,0.048468
0.941176,0.431373,0.007390
0.941176,0.450980,-0.039462
0.941176,0.470588,-0.000000
0.941176,0.490196,0.000000
0.941176,0.509804,-0.000556
0.941176,0.529412,0.000000
0.941176,0.549020,0.010156
0.941176,0.568627,-0.000000
0.941176,0.588235,-0.000001
0.941176,0.607843,-0.000002
0.941176,0.627451,0.000000
0.941176,0.647059,0.000006
0.941176,0.666667,-0.001048
0.941176,0.686275,-0.000000
0.941176,0.705882,0.000001
0.941176,0.725490,-0.000000
0.941176,0.745098,0.000000
0.941176,0.764706,-0.000000
0.941176,0.784314,0.006252
0.941176,0.803922,0.000000
0.941176,0.823529,0.002900
0.941176,0.843137,0.022599
0.941176,0.862745,0.000796
0.941176,0.882353,0.000000
0.941176,0.901961,0.000000
0.941176,0.921569,0.041594
0.941176,0.941176,0.027801
0.941176,0.960784,-0.000000
0.941176,0.980392,-0.000000
0.960784,0.019608,-0.005115
0.960784,0.039216,0.000000
0.960784,0.058824,0.000000
0.960784,0.078431,-0.000000
0.960784,0.098039,0.000000
0.960784,0.117647,0.000001
0.960784,0.137255,0.000000
0.960784,0.156863,0.000001
0.960784,0.176471,0.000000
0.960784,0.196078,0.000356
0.960784,0.215686,0.000000
0.960784,0.235294,-0.000004
0.960784,0.254902,0.007728
0.960784,0.274510,-0.000000
0.960784,0.294118,-0.000000
0.960784,0.313725,-0.023429
0.960784,0.333333,0.032195
0.960784,0.352941,-0.015981
0.960784,0.372549,0.000000
0.960784,0.392157,-0.000000
0.960784,0.411765,0.000000
0.960784,0.431373,-0.000000
0.960784,0.450980,0.000001
0.960784,0.470588,-0.001816
0.960784,0.490196,0.000000
0.960784,0.509804,-0.000000
0.960784,0.529412,0.000000
0.960784,0.549020,-0.000000
0.960784,0.568627,0.000001
0.960784,0.588235,0.000000
0.960784,0.607843,-0.001794
0.960784,0.627451,0.000000
0.960784,0.647059,-0.009422
0.960784,0.666667,0.020952
0.960784,0.686275,0.021130
0.960784,0.705882,-0.000000
0.960784,0.725490,0.000000
0.960784,0.745098,0.006489
0.960784,0.764706,-0.000000
0.960784,0.784314,0.000000
0.960784,0.803922,0.000000
0.960784,0.823529,0.000000
0.960784,0.843137,0.000000
0.960784,0.862745,0.000000
0.960784,0.882353,-0.000000
0.960784,0.901961,-0.000000
0.960784,0.921569,-0.000000
0.960784,0.941176,0.002806
0.960784,0.960784,0.009775
0.960784,0.980392,0.015743
0.980392,0.019608,-0.010191
0.980392,0.039216,-0.000000
0.980392,0.058824,0.000000
0.980392,0.078431,-0.000000
0.980392,0.098039,-0.000000
0.980392,0.117647,0.000000
0.980392,0.137255,-0.000000
0.980392,0.156863,-0.000000
0.980392,0.176471,-0.000000
0.980392,0.196078,0.000000
0.980392,0.215686,0.000537
0.980392,0.235294,-0.003496
0.980392,0.254902,-0.008322
0.980392,0.274510,-0.008977
0.980392,0.294118,0.000000
0.980392,0.313725,0.000000
0.980392,0.333333,-0.000000
0.980392,0.352941,0.000000
0.980392,0.372549,0.000000
0.980392,0.392157,-0.000000
0.980392,0.411765,0.000000
0.980392,0.431373,-0.000000
0.980392,0.450980,0.000926
0.980392,0.470588,-0.003459
0.980392,0.490196,0.005647
0.980392,0.509804,0.000000
0.980392,0.529412,-0.000000
0.980392,0.549020,0.000000
0.980392,0.568627,-0.000000
0.980392,0.588235,0.000000
0.980392,0.607843,0.000000
0.980392,0.627451,0.000160
0.980392,0.647059,0.001142
0.980392,0.666667,0.002816
0.980392,0.686275,-0.000000
0.980392,0.705882,-0.000000
0.980392,0.725490,0.000000
0.980392,0.745098,0.000000
0.980392,0.764706,-0.000000
0.980392,0.784314,0.000289
0.980392,0.803922,-0.001148
0.980392,0.823529,-0.000000
0.980392,0.843137,0.000000
0.980392,0.862745,-0.000000
0.980392,0.882353,-0.000049
0.980392,0.901961,0.000380
0.980392,0.921569,0.000000
0.980392,0.941176,-0.000000
0.980392,0.960784,0.000098
0.980392,0.980392,0.000017
